x1,x2,x3,x4,x5,x6,y
A,X,30.496129078696917,79.97178742144868,-2.7944239767470354,9.53718153821982,1
A,X,39.03698911369547,100.18886115422991,0.12559935834075606,11.886640653687483,0
A,Y,47.95339003649538,106.9808229599026,-1.9669264225098508,12.807322027375928,0
A,Y,61.89481426190246,84.29557269994656,0.3160839912259839,8.528806679188879,0
B,X,60.357910529017914,87.37896274061637,-0.21625294482064183,10.583996912232736,0
A,Y,59.71883062291404,51.71683808440513,-0.9737284055086745,12.449651821745348,0
B,Z,36.40916689206646,55.642538777919526,-0.7072115617809072,12.778466781940992,1
C,Y,28.41503520104314,152.64241535518346,1.0122517771861899,8.959494304385819,1
A,Z,48.138737008171105,116.47732754860624,0.8451565445306892,11.63378025831898,1
A,Y,46.18619909315936,107.20718709624111,-0.26861762785547477,11.82050131332084,1
B,Y,29.58080991893513,54.54109531433815,-0.12824875673144168,8.668085061527936,0
B,Y,63.31888300649689,85.8439043642015,-0.6485598363848307,6.096153407989437,1
B,Y,36.22201528149053,93.99054079046789,-0.8702677922746899,7.517126036346391,0
C,Z,43.515479331851886,50.595146301485244,-1.6848913071485936,7.529726988404029,1
C,Y,39.77153119176717,111.33705699604292,-0.5819167639824386,11.78493676640641,1
A,X,63.33080484181584,83.98933329538941,0.7241329516538578,14.814836526545236,0
A,Z,60.94323049570692,91.17937683822804,1.3296033357159658,7.216798464226296,1
B,X,46.48223297122481,120.34379352404231,1.6241480429519106,6.221814750091076,1
C,Y,52.860837135664305,135.53905793515796,-1.1434002394543705,9.855029399369219,1
B,X,21.25595934699216,158.9825865148378,-0.6563612004121363,8.7011028933034,1
C,Y,16.418173879062607,58.368173776599505,1.527384576683653,14.341972227530473,1
A,Y,59.76202597665941,81.15757736311025,-0.6977317733956089,14.669725130166068,0
C,X,73.90067790345006,127.86504034928043,0.5443141547276195,8.97252010996015,0
B,X,99.17849182064488,56.51819511681991,0.45996018995859606,12.3553739843469,1
C,X,27.93485766137196,43.84630458620305,0.8306642436872431,10.440203493404773,1
C,Z,37.54808627568422,67.69051650642868,0.7499781483185671,8.167883542571527,0
A,X,62.562796579442605,92.6118450882169,0.5192087802801728,14.268712380241412,1
C,Y,57.30965483610427,121.70714478426918,0.19638057092648553,5.5047502319530714,0
A,Z,53.881763319089984,129.2855534863046,-1.8013336244572933,3.832518851755938,1
B,Y,76.22814639486478,87.8214387770513,2.163305053785236,9.786842196774911,0
B,Z,22.197143835110786,66.81600672553785,0.2731567030920933,8.326836035195013,0
A,Y,59.18645885924323,99.3171036546,-0.8439619237600511,12.75852985201502,1
A,X,45.514470711200225,104.3854036458589,0.9638211306356337,5.128148856095705,1
B,X,59.476116860861836,136.4770324417674,-0.2554299957096972,6.395341363994511,1
B,X,41.28908857961917,125.58960808997405,1.6877051743635707,7.875839854698283,0
C,Y,32.74950205136379,104.99638603249265,1.0250006530782814,10.865564552927683,0
C,Z,48.19703585209967,89.68854598999613,1.3373413070267752,10.022243014902664,1
A,Y,25.47570576920711,137.262962704664,-0.6388471674973791,7.6939940899286405,1
C,Z,48.785995034322234,128.28746563599339,0.1810793672884546,6.303627572818928,0
A,Z,46.365607087246424,99.97633721893963,-0.41933877878572556,11.53682308432252,0
C,Z,41.30588464632509,121.44482407916598,0.9785255244459133,8.866254191032873,1
B,Y,23.074704292458378,152.83250737312434,-0.6953627849031826,13.518992922699315,0
A,X,47.10979340871849,73.49345658018994,-0.5290344866469145,14.86248787228102,0
B,Y,56.11421274871749,82.52036411944219,-0.2769307121732281,7.630659882296827,0
C,Z,69.73601734538582,57.12202230772015,-0.6056416972980578,12.287654619498008,1
B,Y,63.16674094543832,124.40816385451754,2.184465723842664,9.910296416392198,0
A,X,47.4543039734823,84.83888765256084,-0.7796815069922844,9.400260408586572,0
C,Z,70.37671304119448,71.3821811213786,-2.3258509190148855,16.461758666821094,0
C,Y,73.4774638651564,139.06009964050813,-1.2697486804364977,14.618718304227542,0
C,Y,56.019572404581105,84.51094617543077,-0.2257486749013203,10.809541860438415,1
A,X,57.47006240760027,97.21945630819195,-0.5494399839690349,11.259264135400723,1
A,Y,40.659869543713754,80.5313001810216,1.6229931506568955,13.609023376319236,1
B,Z,53.057543453365184,125.40217372175738,0.9856133898137858,13.835844989591877,0
B,X,38.91795440480836,117.73810992164512,1.9841178846576315,15.745840897467048,0
A,X,38.87606324917985,73.68208449111404,1.1276937939978837,9.233081796294025,1
B,Z,55.55858229866979,106.16236843496364,0.23410717850946586,3.6746343596807076,1
B,Y,28.8545721457986,109.32555499402109,1.611435661461286,12.378121319023387,1
C,Y,41.23691090244256,79.17666750812351,-0.335851696242281,7.987084183845122,1
C,Z,58.67068624477733,108.74141528673351,0.45997933462957435,5.114085635095168,0
B,Z,28.027508034136087,108.05433470561884,-0.34138726478397563,5.258959729874657,0
C,X,61.25526237019471,92.36905399976517,0.6401378565659025,8.363395238215054,0
B,X,18.892595992307694,87.58518230358696,1.1226896317616664,2.7486559370238464,0
C,Y,45.33557736989039,119.1377828897909,1.4194619002104583,7.691629440494775,1
C,X,53.35086148058035,99.17028311153477,0.6962409245044509,13.205915661866435,0
C,X,64.78590544663862,133.58641419134216,-0.9164080184052781,6.2454422339989035,1
A,X,57.69086751706742,83.38707963548893,0.9002115074839445,8.843614811496327,1
B,Z,25.37622861572642,88.80318357438699,0.22439194038463117,13.731220115087416,1
A,Z,60.49964590152803,57.87544289160328,0.4365344033097439,9.220472561194295,1
C,X,47.33275362276297,88.71315866239051,-0.7901922094640191,9.058313720770608,0
C,X,80.68204013424227,96.13522001106071,0.6936842901231552,8.234457125792497,0
B,Z,24.72566145580296,60.3944280148108,-0.32359718136321935,10.505123435656884,1
B,X,36.77420995401404,66.77093068111338,0.22946259197717628,11.60736503632973,0
A,Y,40.45911999398909,58.99511873769118,-0.4693261003314705,8.957397933511759,1
A,Y,44.500381219584646,93.25814629490128,-0.9295761634614201,5.298459063923448,1
B,Y,26.580879117967402,140.9950692918057,-0.5623825307243239,13.092422663099583,0
A,Y,63.59549390465162,113.89020493427817,-0.1701633599416139,7.02845637413035,1
C,Y,63.13689337132728,47.94034401427621,-0.2645199335756173,4.448666446781836,0
C,Y,33.87007552320348,61.82061576752715,0.1805836492632134,7.047784061093977,0
B,X,49.55746894045813,76.29182993519942,0.7081280124954668,8.45486523548489,0
B,X,27.056171684260057,123.12038646050485,0.08486806750169522,6.681710656571696,0
C,X,55.14881617107988,95.76827582775024,-0.7933353184301358,8.364058209267167,1
B,X,50.302313811504966,116.19237534232883,0.104032471070983,14.00532283884564,1
C,Y,36.28887973721123,114.9453968879309,0.23008052297393616,11.983540483378606,0
B,X,45.905825253799634,114.08572312527905,-0.7931090650379786,12.695385364332328,1
C,Z,63.12130676460028,92.25441905490943,-0.5504002692173542,8.370450400002873,0
C,X,56.22323469870417,107.90125184052253,-0.12553606986370663,9.224097870847968,1
B,Z,29.29525354746158,44.673902392859546,-1.0074611045989024,8.429386761336952,1
B,Y,58.25392071248875,99.93275203777047,-0.4123566281282293,9.117673545255641,1
B,Y,77.09436168743574,72.57673929919515,0.8221921164424528,10.439777290238585,1
C,X,32.66481130845254,106.13167298461687,-0.8484482651331153,13.629014431039892,0
A,Z,39.329223639985344,85.43125467013223,-0.6559263347343347,10.560306242513496,1
C,Z,44.962690528690636,93.45348754969355,0.015549099809763947,3.8445921884388072,0
C,Y,38.26184264199405,120.88996151944573,0.3202761551441101,9.206758354233282,0
B,Y,40.848620329557335,71.0980552217141,-0.2809375810337823,7.857982286895438,0
B,Y,38.05673458033074,92.79032989065286,1.3336763989642186,11.249595950011871,1
C,Z,63.29581014039307,101.58940388497389,1.126373721017183,9.160173569078752,1
A,X,36.88481730397629,103.59792656435079,-1.3088316212964852,10.515245826584472,0
C,Z,44.481989182694626,114.14653694121499,0.3433076520466549,17.33304424267429,0
A,Y,50.882329234185804,119.93203582461832,-0.1145034808045353,13.426392525971044,1
C,Y,69.99770115054734,94.78283923252853,-1.9609755147183512,15.38935971957908,0
B,Z,55.886815130939574,76.1002053945727,0.909673245445908,10.124171285597138,0
A,Y,35.530055368335944,101.63129404428827,1.432948120449406,8.361564806121164,1
A,X,44.4108403170092,91.5415143250683,0.3990064897122735,12.182636169709223,0
A,X,20.872472616558962,97.90383004158801,-0.6383574619823663,9.819129191509639,1
A,Y,71.76236489579793,123.33305523885969,-0.9625107982690683,11.632831024208391,0
B,Y,24.984208802396466,54.02963884055649,0.7499868829279179,6.475883863776627,1
A,Y,39.94394506364679,119.77951317484445,-0.7819603595081946,11.349448672247657,0
C,Z,47.13507308254188,117.72137508616478,1.3172880403303648,12.134361628725202,1
B,X,25.270937434262812,127.20886648429513,0.8957634527603269,3.9964755243354846,0
B,Y,20.668328979904807,98.30986937060514,0.24903284694479158,11.23049202392586,0
B,Y,50.883543078516794,110.84058710652869,0.5084762789823952,9.257228428697855,1
A,Z,31.792819494956326,101.67938034652818,0.20408352016177775,8.879214752778994,0
A,X,50.018179109245736,110.98728883291102,-0.2829413083120879,14.612771233565454,0
A,X,57.12013613093215,78.07846880170959,1.2666482643043786,10.439386564996946,0
A,Y,43.47962897764734,85.35824470291469,-1.0452928752313777,8.992250789373777,1
B,Y,53.60095530231364,113.84809295926578,0.47559540187485905,7.067077188909678,0
A,Z,43.06495735447328,139.71655468865734,-1.1881375303625084,10.848544593059984,0
C,X,51.15600165581331,50.41418581820428,-0.8556756685224598,8.063875248636842,0
C,Z,37.574406071495424,92.04776088303329,2.1469432200808343,8.157127792604907,0
C,Y,37.76569824028017,116.84081638226769,1.0669567848132642,13.327019331183866,0
C,X,39.85733145547852,78.27645541668954,1.698180421604452,12.44577298555258,1
C,X,33.647329608761495,70.33440797614186,0.0806458655928822,9.828520496096045,0
B,X,54.78201503513056,119.38949517106597,-0.0037320819647237583,11.655853662020226,1
A,Z,50.325552942604276,111.79349354621843,0.222152337145512,15.178767181775271,1
C,Y,42.17064445552492,105.18600274671695,-0.7794496831638361,11.793424324570623,0
B,Y,45.87620499191786,99.96567370572106,0.16913344258123805,7.949614175670287,0
C,Y,35.82339458288176,121.22873970971887,0.8107087270304738,3.72715178457915,0
A,X,66.15846430750685,94.13701419266904,0.3998468691439871,6.970669670531218,0
A,Y,55.49675816722595,71.8519949201123,0.01016635786677238,12.857951144192288,1
C,Y,28.6295778859165,98.85425790929361,0.5616958941344915,11.318991839431812,0
A,Z,43.4281422318588,91.13637160390022,-1.1575920633053534,12.215459669938664,0
C,Z,55.154077724771426,71.89113532304208,-1.5011945342913862,15.565565612149985,1
B,Y,50.549656907896534,91.31698933087301,0.9209835775919452,9.488832059590981,0
B,Y,48.92888531646338,124.65669124851985,-0.5521390412951098,11.175924709579268,1
B,X,30.436386728534014,91.74003945358959,-0.13531666222870545,10.181449906818395,0
B,X,27.548639422517077,123.71639499740996,1.9263596395891922,12.181772838841033,1
A,X,53.836043011904486,91.21494582739948,0.630241447757916,5.844645162161167,0
A,Z,77.28921351050984,119.11378563180494,1.5611860088030833,11.893842345702526,1
C,X,55.681038806027566,103.83537121217329,0.17663473002004443,7.954777895378714,1
B,Y,63.32397446525438,81.22574375323043,-0.3631921902933341,10.2507607082928,0
B,X,30.556409130568504,165.78275349939318,-0.3647413512838985,6.69198441602599,1
C,Y,52.69014163096842,136.86749279233211,1.5655934264326057,8.669503637074389,0
A,Z,62.614748052520746,76.3085704393437,0.5644744950524336,9.286513217394496,1
A,Y,40.41897586392312,114.04705612596939,0.8902907605556158,8.157944937198238,0
C,Y,55.566713003116575,108.0372484350381,-0.6835582462290806,6.754387770128888,0
C,Y,42.18000051189444,102.7798565595548,-0.4730463501489844,2.062093002528796,0
A,Z,36.713632333492605,123.84748426047514,-0.6426538538989333,6.251481889833099,0
A,Z,17.927707818078957,130.68263374859157,-0.4331649792755112,10.298479164361424,1
A,Z,66.07525206323885,115.17738759146921,-0.38489259223495415,11.240392975963243,0
A,Y,95.08915917389818,68.01116701818734,1.3135970592788715,8.568871704400449,0
B,X,66.09404782309468,96.6859260771838,2.2470440105894816,10.945155208814798,0
B,X,63.675934189077836,95.09402489020349,0.4327186377878976,8.08733236512766,1
B,Y,43.15325528504067,94.13567663957674,-0.8499594368521848,4.563828389122286,0
A,Z,37.45971309650611,109.60051967823142,0.27896087675446035,14.1883368082289,1
B,Y,31.094857444534345,112.44296736912568,0.5395333734979484,4.849649342195917,1
C,X,64.83136830027938,100.58556376661929,-0.3397957984583701,8.8883381070444,0
C,X,42.41760652663108,109.13368143906652,1.4019524200292355,11.3338789425685,0
A,X,31.491113268722017,143.10791586789998,0.2948328478701445,10.286729628987434,1
B,X,53.988627090211445,119.73957500638552,0.3041060927662367,9.957985804985352,1
B,Y,62.83438901657236,93.5427156982548,-0.9983276747356501,6.370260512013802,0
B,Z,57.27491886525736,101.28345813548033,-0.5692892506377261,11.715754308496178,1
C,X,75.18647639097898,131.75120751322044,-0.5767054132242228,9.048084816115548,0
B,X,79.84689748967506,67.15877774848903,0.6302261368004807,9.7523969522397,0
A,Y,55.19489227592014,94.0264986013184,-0.19078604522439577,3.590206217488517,1
C,Y,47.83355038959783,112.25979289306007,-0.11836349255401606,10.515565903737352,1
C,Y,58.12880432341834,133.2157822504372,-0.40948464985695443,5.635553855670007,1
C,X,50.22493308242992,152.73001905308303,-0.5166738496792828,9.308969929472436,1
A,Y,85.53737784504256,77.0153340798646,0.3943683824851171,8.929296633525457,1
B,X,36.07935144549972,103.74798316374613,0.38185327040300465,8.33717237266714,1
B,X,46.959187706871724,117.30335816045846,1.531851852899969,6.6888475622175685,1
C,Y,51.481484039136774,56.39381306832957,0.7101538038805264,8.855310192648199,0
B,X,48.46833380813281,92.90421379932282,0.041761570435934176,8.621782055686007,1
C,Z,39.91110163096695,106.33279849444959,0.5696101802772304,16.093113771269557,1
A,Z,32.86047027076517,79.92315253769308,-0.38527038630411464,12.46438733981436,0
A,X,34.698182471023664,98.96620835154988,1.4448014974705408,8.962642162133946,1
B,Y,62.42415121330675,93.74490939031335,-0.5813048504287477,10.197608762381005,1
B,Z,60.957875706301756,89.9401631878917,-0.522362454597382,3.4982144371751867,0
C,Y,49.93973726025138,94.61095116430477,-0.757624861897173,5.454594692234237,0
C,Z,46.495721422729304,114.99253445923772,-0.15946114331322628,6.734868245057735,0
A,Y,72.7086480260048,125.35671503154711,-1.4420177536787078,12.550336802802374,1
C,X,41.19437815633873,183.83017031642447,0.026562418345214195,7.553172277174514,1
B,X,51.24759781604057,127.69845627041154,-0.01214403052325125,12.162857453816768,1
B,Z,67.82735737734053,101.79970867541324,-0.3359512497832542,11.692447750042447,0
A,Z,41.5397757964001,127.04185463929032,1.1208919539595867,6.132687077913235,0
C,X,51.69798347211279,73.76779566226367,0.7235025059071611,8.307760336197875,1
B,Z,57.8805912161672,94.11653300174217,0.43840041372639654,9.239418109702887,1
B,Z,32.67415166608958,97.411229977694,-0.12353531066723968,15.392258191000284,0
A,X,64.85840001020856,83.6526726565634,0.22768314342243554,10.177156872234272,1
B,Y,83.86598690236073,114.30958735849751,-0.25433877713606723,3.4849572818528483,1
A,X,36.623845139985235,96.16233501243596,0.4469385772502027,12.255564910677348,1
C,Y,27.171352592011456,109.40209074522772,-0.21503037016998858,9.625567411754663,0
A,Z,35.31478911042585,94.14443572961842,0.043838977890095075,10.291465786488002,1
A,Z,71.76724443392196,93.54646611430275,-1.3288808564841774,11.324094111623461,0
B,Z,53.20961825440227,55.02221664614283,1.0281501403211424,14.499583004041563,0
B,Z,34.870533187228475,76.13409493174272,-0.12872046630081274,12.861813202225386,0
A,X,32.29140422622427,114.30758959550157,0.11663554782188296,12.990294080950047,0
A,Y,45.86959654463021,88.11362317150777,-0.27984005019789926,7.637442833230214,0
B,X,41.13077002780849,95.56531620480928,-0.7144684738991646,10.431541679253668,1
A,Z,59.34379426899327,76.71599752585408,-1.1313302279758997,6.155001866804686,1
A,Z,48.10820358246304,137.2494111483117,-0.7350443345166185,5.555554017772245,0
C,Y,39.00655968145049,85.65785035820001,2.334130680084806,12.42500926716609,0
A,Y,74.36000359272633,61.480843155153046,1.6864032312891128,16.501362742676587,0
C,Z,25.674742728143183,116.15899802002362,0.2762290490554727,8.305298293076836,0
A,Y,38.052164253693775,68.23871146881957,0.2899735785432766,14.795164882077524,0
C,Z,52.85703899055141,127.17005098950526,-1.6621260721300775,11.37759500596292,1
C,Z,38.9665499055843,106.93644071248396,1.2728571855088193,14.731613467065866,0
C,X,70.13313366538443,92.4993212597697,0.3715287090908247,7.535569882218432,1
A,X,41.591932553140836,102.87780521392133,-0.6624902966238588,7.5471029756476575,1
B,Z,29.558034993468482,113.3509736780532,1.3033236141681486,11.498813384701645,0
B,Z,79.21711317570121,139.04294347011015,0.232049522028494,8.124593426519708,1
B,X,46.903264725398756,97.1669981793291,1.737776252736781,6.926752087988936,0
A,X,60.97708543265745,105.57802889002953,0.31721480459340984,10.407009211971564,0
A,Z,63.670990778683816,73.17078122729708,-0.9026181694201869,12.08137780457287,0
A,Z,61.35774616556449,47.035211408789166,1.067481975714097,10.980293766562822,0
C,Z,43.327671320628184,128.16315083678265,0.11937027503513947,13.470314966392731,0
C,Y,42.47295799370978,110.24459571919652,-1.9928267268434556,14.879064725879086,0
B,X,52.818106707225866,86.11771353375521,-0.18389521021373637,12.952858032314698,1
B,X,34.43657045255736,140.34089848174705,-0.17945520424574327,8.575470802493477,0
C,X,19.27157143196103,128.8206870278675,1.0505882783579086,9.027646773120281,0
C,X,70.01564589019065,81.63208460836137,2.423800922815114,19.779396443360145,0
C,Y,47.403486786631575,83.5169535020069,-0.4352736514606226,11.958998827025543,0
C,Z,73.0995740181809,133.78548894886399,0.5308304688108016,8.185818625745796,0
B,X,49.794495000655175,74.19901459538107,-0.27988752929231475,7.977804854964726,0
B,X,60.7931531499395,109.77440615346266,1.2520117860399842,7.845391270329373,0
B,X,52.75393216713599,132.45486233808083,-0.6875878905651052,10.755153506607487,0
A,Z,42.19177838635499,102.81285980532378,0.5536784546997602,4.898445418890273,1
A,Y,30.270847216602462,96.09263845028143,1.4063456365900013,11.240702971861468,0
A,Y,36.85765438885791,105.80467549336673,0.007151906588839237,8.332814020607533,1
A,X,47.45069423764918,143.47695610542664,-1.880118829066754,11.327054937366828,0
C,Z,61.480845940973076,79.39274121287215,-0.6876832687775939,8.874876449173208,0
B,X,51.22415916782403,85.82489362876824,-0.4994147053691096,10.288158997969614,1
B,Z,87.66122592536767,88.17284031219167,-0.03077005513256198,10.535184990156857,0
C,X,35.0229336048191,73.47235620994735,0.7728654272287552,8.617772165923252,1
A,X,42.42718290372732,86.79284776713169,0.5795477615666735,10.922665420965052,1
C,Z,47.57048215696888,94.210422594645,1.6820707793851963,15.470312934515078,0
A,X,48.42788034073481,57.860986439339165,-0.5297199896457393,11.697883573312648,0
A,Y,51.392204287459535,110.92519009448392,-0.07890632700784485,11.576421059096212,0
A,X,23.650865267412257,104.37843603964073,-1.1072268234892522,13.238744594714785,1
A,Z,49.82199349792155,39.7427262448667,-1.3121765083529742,13.371005498385802,1
B,Z,50.05560156008553,82.02928962843586,-1.2051508817244927,13.455137543993171,0
B,X,56.390890032336884,139.35320495075942,1.6772789326700517,12.304540164046095,0
B,Z,34.36356831714296,104.09353868324978,-0.5891093972835565,12.19217497899406,1
A,Y,35.353871454907406,74.94971903190066,0.6068000158111145,6.637987059729859,0
C,X,60.07594627003292,111.22099669615766,-1.422646163634461,12.407235081963044,1
C,Z,64.68096276527899,114.26415255100466,-0.6899443529963454,11.941290542076914,1
B,Y,23.278268076004636,75.58964145270618,0.5453831543895604,6.746140125253637,0
B,Z,42.46684408514359,125.23988114731051,-1.4303525710454084,7.761425524825993,1
C,Z,41.59957560365179,79.00986975125551,0.5676056000580914,14.883663248063032,0
B,Z,53.7112529011619,94.40266886588545,-0.6775969430476556,11.380690945960286,1
A,Z,36.93727281804052,102.12549004294901,-0.6445197286255291,12.350507741206567,1
A,Y,34.30736134140787,85.98515428484843,0.5196705748461131,6.799799765549128,1
A,Z,40.88041144797801,78.75870806646044,0.08690965485217882,5.918084168450734,1
A,Z,20.724451399160724,42.23798057919051,0.6669660161731372,12.030433343934805,0
B,X,25.89750448207215,104.05976110846818,1.5582028233754979,8.65801954167923,1
C,Z,48.084170830118055,61.73552220461478,-0.4381223821843734,11.973373427629792,1
C,Y,44.16267255074021,76.56078955666123,-1.7252823697542208,7.7519888245187785,1
B,X,55.625968640755396,75.34232845944604,-0.342236623630233,13.76718718703262,1
B,Z,33.00076336469745,101.75434161484644,1.1338630568246164,10.140946019997656,1
A,Y,30.44235839107478,90.69413791631118,0.10587476616184321,13.754245620196738,1
A,Y,36.47837595464912,72.57902858279178,-0.6618034746609307,14.473973601466458,1
A,Y,43.54402811684886,89.08672499437684,-0.5489666469131165,9.287837986756402,0
C,X,38.33625980760974,85.81923335824568,-0.42613765155535444,11.537349696458053,0
C,Y,25.414561751933004,81.0960443938731,0.6401038938231032,9.487740834804981,1
A,X,66.64719976600864,72.18971654796525,0.967815972147011,11.230233937745824,1
C,Y,75.96837881152938,102.66149669016042,-2.0171979688141284,11.454056618384355,1
C,X,57.36753526474411,142.079237737447,0.2767800366313166,12.45789187591815,1
A,X,32.96965319037525,86.45783187531691,-1.4173735519493542,5.899431641538531,1
A,Z,39.90717574150624,129.4384100262626,0.10822480142731297,10.192911956321371,1
B,Y,64.44444175078226,122.71017798985584,1.3791425939796023,12.085630398371388,1
B,X,42.01327283065601,84.60912807436547,0.31205919679445393,11.234699166307383,1
C,X,49.379420750474694,133.72738321390446,-0.12825020099352996,17.98598709260491,0
B,X,37.45381586571299,98.74097193857425,-1.390863712550696,10.183169634011668,0
C,Z,33.64717697799858,83.33123711277207,-1.0940734217994126,6.260329226731603,0
C,X,48.15011551303825,132.69425528315713,-2.0711021443021336,8.695808304989802,1
B,Y,59.34861541108658,83.97584887939503,1.0794521738516705,9.067519655589654,0
A,X,37.775558075047556,95.1388612227057,-2.773934484378572,17.432080954833353,0
B,Y,54.573846249130334,121.89799953729639,-0.26911753896551277,7.145678819628219,0
A,X,36.17546567215401,86.57989785008647,0.7427192863180898,14.8298375622675,1
A,X,46.56304935722829,108.0786898349604,-0.07856662434710436,11.32750383441061,0
A,Z,64.57851578595641,121.5123037533094,-1.154354956595674,7.03362023856106,0
C,Y,42.84026647146865,113.57478246599065,-1.408080249411355,8.904795044150088,0
C,Y,69.61384487713758,119.33207305452117,1.5221905439068673,13.454453517808798,1
C,Y,44.32147135326835,112.29874094537709,-1.1709095370152214,11.455812512160593,1
C,Y,46.991086191607195,117.25982392447254,-0.9270062381646411,9.948655988400908,0
B,X,55.83442976733323,103.34245015408635,0.5016275812980675,7.185773379793478,1
B,Z,43.11148822044214,91.60856317995723,-1.2628410124340879,10.17471316945191,1
A,Z,52.32727023886201,78.8671670806645,-0.3217948244401865,6.933498761696219,0
B,Z,50.35289216993644,109.63236517675864,1.513163858781603,9.134902145738483,0
C,Y,45.73638388102687,126.55046102086314,1.5999044146707149,10.831576196127536,0
B,Z,42.955269529696196,114.35571893246198,0.7022759420695277,16.776530251683546,1
B,Z,60.4499481712223,100.80958455841616,0.8027398177039077,12.447750628370912,0
A,Z,58.1285681268334,121.89754928851063,-2.4993830111394195,6.692431773134237,1
B,X,89.58217050575826,73.09690435023536,1.6220509715981235,10.964641716881458,1
B,X,39.8863510086323,114.62696082174564,-1.4228197687016557,11.240728743317984,1
A,Z,28.208085456125097,106.54191216087536,0.002298394214209028,9.195167441816105,1
A,Z,42.07022867305738,65.07837453872479,-0.418822906626603,12.079512309554232,0
B,X,56.42231720368661,98.24049826478877,-0.2683339811108136,11.634370123399751,1
A,Z,59.07286922650205,109.7607096074693,0.6167289212451358,10.810010334684234,1
C,Z,55.743557275525774,83.73523030461318,0.26855689528216814,10.021635199541684,1
B,Y,41.71707627392989,79.49149795464334,-0.6424878218138217,7.045841769360285,0
C,X,31.093351257525146,153.77487717829925,-0.23543251301015178,8.089847962737224,0
B,X,76.050271704765,70.59270409204319,0.357820980103599,4.412148954004725,0
C,Z,56.594810338435536,74.96092792696533,1.3971114256525647,5.799318754613348,1
A,X,52.43511005215265,118.24901601850618,-0.43188875393087495,15.18000427963084,0
C,Y,67.08349616249322,74.67729333873773,0.15914445083294318,12.444210072740914,0
C,X,47.24546019012618,68.1173457307256,0.7795516941479563,14.53698752046458,0
B,X,39.366884869365975,95.7929930693825,1.181738398516157,9.784713896977802,1
B,X,58.630860053773816,114.99283558119399,0.1612257989578888,10.668388719730563,0
A,Y,61.54467452111278,143.77874643261688,0.22815367419340377,16.544904656624134,1
A,X,73.7605215241991,132.62960862784874,-0.7570482423860226,13.921047717411259,0
B,X,42.39288369546552,146.6973560571981,0.1644133876724791,9.036564029039946,0
B,Y,67.71766625126082,111.87524492315521,-2.403276549077187,15.369955433857848,0
A,X,49.92518680730516,34.63525906982481,-0.9878063095907187,11.906272068975351,0
A,Z,41.53461289838613,133.6889819284513,-1.0214702837939125,12.63535694997574,0
A,Y,43.16747253932227,101.72421189954976,0.9630223518156635,12.598574134361424,0
C,Z,52.878469870327486,121.16306625020036,-0.6280879992234354,13.012098002408987,1
A,Z,31.514911389440392,125.4562788167257,0.494522854469047,12.025324292040589,0
C,Y,17.335297363304832,109.94910423034128,-0.33621851731056773,10.001643125534313,0
C,Z,47.62311769420581,88.82811162235132,-0.9480259227061009,12.371252587068316,0
A,Z,76.1280613196152,93.87359090368925,1.4263177387583292,8.188738225620572,1
C,Y,41.172598146847065,119.64558157691086,-0.26756268547354073,14.885637882988494,0
A,Y,35.55028124855545,83.93569890063046,-0.9223814816726686,10.320928133926218,1
A,Z,53.02494846686934,84.02214760223882,0.22233461826954828,13.489271710979615,1
B,X,45.744114610449955,99.7900620812389,-1.0040239998632048,12.718664888917091,1
B,Z,56.72762460130713,109.63474086030396,0.2466278866125792,7.454034458548583,0
A,Z,61.92908386664527,87.88121226757848,-1.3164800160184624,14.734612252300773,1
C,Y,52.83687890573181,101.31107035483697,0.11706057847437633,9.98394024654764,0
B,Y,49.36321504198572,74.08176829170516,-0.6406814652822389,9.052230146694377,1
A,X,47.392673367144006,77.19936800777919,-0.7813083322480037,10.09623817170554,0
C,Y,38.18171872805306,74.20919743132438,1.8009882801833137,9.02981044383831,1
C,X,49.22218663627093,99.60767483804638,2.3073535851806177,11.186533355382425,0
C,Z,70.41485452805355,100.61042450415282,0.4793130709905156,5.026515740119229,1
C,Y,74.83558332844812,111.75251166447396,2.706474329361424,7.305294378680411,0
C,Y,39.459651897696425,105.6707304196553,-1.1656923808725606,9.390011458860346,1
C,Y,25.408654365353186,85.97122874980926,-1.0283898223128127,15.717975155950779,1
B,Z,33.77675078166347,103.35399529138567,-0.43147612000473595,7.270519313888736,1
B,Z,53.70352746156767,79.25434873288918,0.5712743641753913,11.386169459011201,0
A,Y,9.400899193725877,84.86673243659342,0.2961337034624784,4.541100723616607,1
C,X,68.3379060543155,110.22665360818458,-1.237399904542361,6.016668791550602,0
B,X,40.18529704747613,90.23939599108857,-0.053525321223421796,14.604389986760182,1
B,X,55.893067610392194,63.518201815253406,0.8656454307554654,11.072326051806115,1
C,Y,59.28617321002321,49.48805787793732,-0.862409403735441,6.908486863586937,0
C,X,29.842364103269674,90.69450528166317,0.29222538390643255,12.99997717369175,0
B,X,32.36851073141618,107.00175788247604,0.01478441664631574,14.516898044024218,1
B,X,51.327108136866,104.43247940795011,-0.03426315570190456,12.700651504302154,0
C,Z,64.2501913522596,160.42861896838596,0.12648368801191823,6.732022422151607,0
C,Y,55.14862589522859,89.84585609538527,-1.366731303781509,10.912327414985084,0
A,Y,55.976978242141044,148.18519768693216,-0.3741339852815331,13.110825568434247,0
B,Z,60.09533587233182,115.68472802254668,0.734437017119941,11.571851791195488,1
B,X,16.08017253696275,111.29325406632928,0.06808381343046506,13.772599789224817,1
C,Z,41.8571844763991,59.244142282283555,-0.8232364020214731,12.667983359833377,1
C,Z,51.2522100741528,113.39881438358844,-0.4217256117557488,11.199242889342571,0
A,Y,82.24344933318966,93.89844030911017,0.182878640050795,9.670199568636768,1
B,Z,67.11597388092758,129.7094668700088,-0.32441384860599076,8.671305606393695,0
C,Z,48.03437521134021,155.332545639655,1.1418131870028714,9.014349858759465,0
A,Y,28.398369841567668,69.17840183536575,-0.5833616047069723,9.772744969481773,0
C,X,69.17954060099888,99.68133146214284,-0.2920734570549125,8.672471036745069,1
C,Z,64.07200840472218,74.15202721102072,-0.2871097992133453,3.585503476423325,1
C,Y,51.9094993998739,87.65924764401096,0.7407080292865285,12.640896965975635,0
B,Y,32.80570552587937,85.81683246684935,-1.9992188350413378,11.823246080162628,0
A,X,65.25128001353774,133.79303146903146,2.086193234584557,10.750999978743025,0
C,Z,40.16597679365494,121.25466121888778,-0.5028979245648503,7.237177172504244,1
B,Z,52.46392434264566,124.51334603009633,-0.3147905558373605,12.30807098283719,0
C,X,69.5802338034006,82.45060110656466,1.4901666585376574,2.303528187793435,0
B,Z,47.79851004727445,70.2386754391279,-2.3818340583103197,6.915688333723573,1
C,X,15.030317503898388,109.06657301426186,-0.1551990671414818,9.747902789876232,1
A,Z,24.37610257681025,84.80681048994205,-0.5882402053636081,13.716359612601249,1
A,Y,43.27209350353598,73.73712841951689,-0.8711472203002175,5.769774355192151,1
B,Y,41.646361079088976,90.51467973507087,1.0410417740576745,8.681274486529196,0
A,X,55.43356329620524,137.53344473425284,0.9752099931193692,12.05829829426336,0
C,X,40.29831368418092,121.53397959089564,-1.3577656944844267,11.115413654704001,0
A,X,40.19152005962729,130.16523288826522,0.031255837589989365,14.080697581516176,0
A,Z,53.67005889272533,92.96587802937056,1.204818017886931,11.763638497743935,0
C,Y,57.0519131924316,130.83796010560587,0.19616182663400167,8.032683280633682,1
C,Z,56.759580393174446,95.79801931371321,0.8486912826770474,10.624369274500085,1
A,X,42.77521041086866,120.114362925118,0.5719625692977075,11.985556009024206,1
B,X,38.17911797240419,38.848076036627624,0.2511424756311317,2.7114302172220066,1
C,Y,58.88945570722974,70.91528958433089,0.8055668308300326,10.00404797313114,1
B,Y,31.930061452513165,107.55522913189697,0.6578524758385301,8.580102549429848,1
B,Z,56.20384137020254,112.55971573963447,-0.27335534175476417,6.372194233383795,1
B,Z,46.03642065934916,94.53837648869076,0.5698777652458044,6.713657836509529,0
B,Z,40.053957110317825,135.70970895522646,1.2563916184261565,5.260410504619438,0
B,Z,51.14784474056181,139.7352455292418,-1.9860656414316824,11.644911319202825,1
A,Z,45.93523606043803,117.86279935814233,1.111423909464655,17.96298607444397,0
A,Y,68.80201473770711,91.7935300602988,0.38309600451128234,8.983377881692608,1
A,Y,63.67817787639944,96.04346608647472,2.132031518010162,8.022244195384369,1
A,X,24.47106401243677,104.34280932496492,-2.5763483818855835,16.47977711181815,1
B,Y,69.11681202490718,116.5232565154403,1.854583076681435,8.54776269324871,0
B,X,79.19931045947939,71.76451336421255,1.8599419707327627,8.952580507142422,0
A,Z,25.51580152941601,108.52752990699402,0.8917533832751218,13.336327107542925,0
B,Z,30.728702721171828,114.96134412362429,1.3249943456701105,12.534111132533232,0
B,X,19.735876761888793,120.62117020834107,-1.0080706188516602,13.60265718173671,1
B,Z,52.06947127552384,102.30553152439217,-0.44856483360497457,8.947316233953678,1
B,Y,64.50926913917391,94.9035335169656,0.8246294193106364,10.3918971181856,0
C,X,35.77793974164503,99.25771140569606,-0.16298826426901286,8.810511756585774,1
B,Z,56.37530250589277,119.56199771734205,0.2551168410053081,10.362451958014756,1
B,X,62.091711305801965,103.84994930215178,-0.10337928487614055,12.340882837036334,0
C,X,69.06775236895358,87.7851980060683,1.0540186455772282,5.219563823223512,0
C,Y,72.11485604632202,107.15125644014834,0.8973945116834539,7.0316612692305265,0
A,X,51.89311517982916,82.5372151799427,-1.6368235907563427,11.782557272329377,1
B,Y,46.34535543494979,112.85382508405937,-0.17950996901794822,5.804364553010802,0
A,X,28.327301331913205,156.7789229324824,-0.1788429677782565,8.57837997252193,1
A,X,20.313131296581226,111.33404531642476,-0.2316280812593849,11.833131186975645,1
A,Y,50.07167913601591,91.01458132589272,1.1044649768551251,4.037468744795692,0
A,Y,38.37774400660441,68.85418605145088,1.265221078495266,13.8294573754218,0
B,Y,35.25266915138378,71.28863533075287,-0.14506615751159627,11.63873671391648,0
B,Y,42.576024946486626,115.60201397346324,-0.041660956728036914,10.543268525614225,0
A,Z,65.89884659642624,95.80409205412259,-1.5247974279295613,5.575946691318467,0
B,Z,43.43233927472227,68.74095073908481,0.044435398888295334,12.372685305599791,1
A,Y,62.48511022525842,131.7752364162748,-1.3590328087097663,12.339199051492423,0
C,Y,42.94149873892124,113.2726291976409,-0.4580402827805368,11.294297010505746,0
A,Z,37.575000034542676,97.08945136215621,0.42144333422434144,8.080097607811386,1
A,X,50.70849803692086,100.29732817179571,1.4391175676298071,9.895603482018394,1
A,Z,48.637107079778524,143.5977970191511,2.267031030920268,12.223126032372615,0
A,Z,46.788644950469994,115.83217948324663,0.27268997519192106,9.436444137313561,1
B,Z,43.072348702568476,96.16235047972901,-0.20143908115256273,13.136435198973778,1
B,Z,27.992700946036056,108.56497770484646,-0.11744634108072016,9.132777207233861,0
B,Y,34.90542305814061,120.00176795141459,-0.978473550026852,8.999947261572707,1
B,X,52.64030175686862,81.64608868857306,-0.6463143483517555,8.107957692905394,1
C,Z,41.57277058938762,125.95926503873198,-0.9634827258373192,12.894875453971414,1
C,Y,68.511796837364,119.98901463427376,-0.7630827876759515,8.905158503417095,1
A,Z,50.55615066845772,100.95501712773587,-1.8186038398772617,8.327945181313355,0
A,X,21.97361529488778,130.87587648977203,-0.9271634337710934,6.040598927547382,0
A,Y,29.909077997948877,83.82337705697546,0.7654635531208355,6.77296087960652,1
A,Z,48.0532143642148,95.29054246402764,-1.3449591036900213,9.360458013074513,0
C,X,48.917678376446645,67.22533626147458,1.31089149374081,12.482984581446111,1
B,X,67.80902692021814,31.122970152134783,0.021762592141207206,8.752124551802137,1
B,Z,69.31100256921438,73.03582043565406,-0.9649227324165178,10.901386647454633,0
B,X,38.86689775226591,112.46891838051422,0.13938569422342706,9.485468512521926,1
C,Y,61.39483224717713,104.00961451345755,-0.056301533909893446,8.732561043120903,1
B,Y,37.8278625389615,70.13053453901865,-0.6867690691353282,9.223586435490835,1
B,Z,37.16166569012416,98.69548408907066,-0.8641651382991391,8.660107826287474,1
A,Y,38.87357116356453,101.27191598782886,0.1037330926311033,9.7300802208754,1
A,Y,44.88670338192649,48.421638396764344,-0.2882045664964462,3.4509703942589187,0
B,Y,61.20457231924961,86.06157236207504,-0.2875850064734099,10.795402868129306,0
B,Y,43.9360716407305,122.51464840544841,-0.2995612834012755,15.256687652051035,0
A,Z,43.57820358964264,128.91356870402507,-0.015161332124499122,8.574183752771935,1
B,Z,44.9244067496101,93.40239667259068,0.4841929973588825,9.728223095237128,1
B,Y,37.80591120956764,103.57482130303032,0.6349760591880881,9.345871073064945,0
A,Y,45.926487910083,111.86295754470748,0.40637149281270596,7.28275025661806,0
A,Y,53.577997888041935,42.302656621992455,-2.0700580176887824,8.19323739266196,1
B,Y,62.70225824863197,102.18695365624393,-0.5016416055170317,11.612892343235655,1
C,Y,51.72710784356767,138.8213466233941,-0.248629478470103,9.494931602094782,0
A,Z,54.915146731760416,98.10978956661768,0.3806406510863557,11.637314264979175,0
B,Z,45.634308961291055,101.30436970943904,0.22160177288032026,14.266836238286558,1
C,Z,41.55916813369263,124.82410564145758,0.15829514192477329,9.604982924630837,1
B,Y,58.267355888311435,127.26210986385922,0.19383402880785353,7.88028483195321,0
A,Z,54.239182575405735,86.59372708893093,0.06070084348256505,7.18504898166317,1
B,X,78.06789089625768,89.94857700953987,1.049776797428651,5.612360933132522,0
A,Z,59.243633625135885,99.48102569784119,-1.9374542680725921,10.126520785352353,1
B,Z,61.35114903530702,78.79620008478774,0.8417505186505774,14.906085834938551,1
B,Z,37.15199153456021,65.83935591422198,-0.5467550079144868,11.028062017653536,1
B,Y,58.07979852515791,91.22587041064384,-2.071114670880177,7.129848552286808,0
C,Y,20.454683067703236,97.90690672694879,1.0753711937821868,6.377000908018724,1
C,X,53.66157351427453,110.12376703327055,-1.4326611119714308,9.118523056645897,0
B,Z,28.462458986396843,68.00271799472628,-0.6707282125038678,12.553568021414051,0
B,Z,54.48428322603133,138.87195825521079,1.976527621702183,7.836087895921245,0
B,Z,33.44505981566988,61.856280275091365,1.2410509344294574,10.520715499364137,1
C,Z,25.64821474103182,131.26876149072433,-0.7199291359808866,6.087618932240096,1
A,Y,33.11414238953879,81.02564726221799,-0.07598878643451386,9.05366117666685,0
B,Y,38.034487195414805,105.11870484545953,0.1502335922715149,8.849149670811407,1
A,Z,40.48689449444463,101.94694740735339,1.2115986591853851,9.779656808193831,0
B,Y,77.06775340983252,51.70117405121111,1.486742343109209,9.790144014359488,0
A,X,37.58357198804325,81.3583651344639,1.9390235801225333,13.944809355759453,0
A,Z,63.08070525936883,122.91320383065144,-0.22803247352868938,10.319942919698175,0
B,Y,66.30656419339122,128.68072354384776,0.13038663593617783,13.574671267587515,1
A,Z,34.23251339781556,92.14804441859512,1.2747546600188948,3.7076596262364596,1
B,Y,68.27174142100273,89.28255673798516,-1.9811677489247355,12.109430396491398,1
A,X,48.853866337539266,123.23095497925196,0.4074014457084522,10.612539418747765,1
B,X,60.46722309014609,140.11182946733527,-0.5455386473987607,13.291798384952287,0
A,Y,67.8419006985318,84.73840037077537,0.18184177747928046,11.524844212499321,1
A,Y,36.71632189252191,121.97608141483754,-1.407301156035823,9.443027863595047,0
A,X,37.61975754607352,91.86709903408357,0.7376323081819443,6.408363432334183,0
A,Z,44.78413295052096,96.9896609632415,-1.3825979561168646,10.29435585774596,0
B,Z,67.62253532631186,76.51976417468966,-0.46229482782210135,9.225842156731742,1
C,X,18.930221501579588,78.61848470419034,0.4557677153525707,8.07377473887408,0
C,X,25.057891790805552,97.51238351453362,-0.3062673791374312,9.700070809549846,0
B,X,22.866297662141815,105.9464052271407,2.0325273063487224,6.362110242663286,1
B,Y,44.35243610283892,148.32346275747835,1.019375469158731,11.46978267551185,1
C,Y,66.79293725075229,105.96906021446576,-0.32958113007225504,11.449034624616653,1
C,Z,61.35920623389505,104.06679316784275,0.961959806398058,11.535369223089152,1
A,Y,38.66072313848153,68.68728777385867,0.7689692243757924,13.431170411828436,0
C,Y,34.61038659509978,56.6576747676364,0.3120419098075283,12.424217274731982,1
A,X,31.506492246851874,108.17164565237638,0.13322594048595912,11.214611577662705,1
A,Y,67.37742990212232,87.81782172866697,0.9910846555315243,10.94486599951923,1
C,Z,66.4551687409089,141.38292183281922,1.0020085924060333,10.56443314218318,0
A,Z,76.10686849558414,88.24860314428878,-0.16104375709119328,11.831741052134129,0
B,X,72.09874722654618,74.96907556188744,-0.05632859363730567,10.260836045442431,1
B,Z,70.84965787976616,85.66608252363014,-0.05093544696315319,8.95026767433537,0
C,Z,61.24806042344177,94.58140811699579,-0.2682599030619341,12.57441945287533,0
B,X,43.24562933587836,91.30505070620441,-0.373263170710045,8.674843900817052,0
A,Z,69.2650444491543,104.49649352167754,-0.23023420093157992,10.08982303367713,1
B,Z,47.76207850498673,54.80478989195285,0.4685147546011426,10.154045657845721,0
C,X,66.31515324219775,106.92770458436205,-1.4786109812969972,10.983432409526557,1
B,Y,28.152325392852006,93.56211240250232,0.5306542197555274,10.669182532687886,0
B,Y,46.6098309848711,125.74613300455925,1.1278764131859593,12.570097623996157,1
C,Z,44.61159693528956,100.86768267833848,1.068325975163427,8.484498298168589,0
A,Y,42.19678456460567,87.92743031843911,0.5610419981040967,11.911688763954524,0
C,Z,49.61870929632341,74.1233317061085,2.127048526806636,8.758502830536962,1
A,X,43.32229796756856,94.08607153768277,-1.1481294202156251,12.743901298948472,1
C,Z,52.6630141910562,129.09018937451845,0.187871212292354,6.487539186913953,0
B,X,30.7106427619348,102.66115092430971,-1.8315505259340847,11.797472111651654,1
C,Z,53.864132913804596,105.56195608807005,0.0848137124810894,8.872142792101645,0
C,Z,38.1385336794508,93.75329680517777,1.0012100273938733,12.005639221197896,1
A,Y,53.30717836723222,92.74915600763661,-0.7726452720273224,6.9492849992906205,1
B,Y,43.85526764659194,80.7872013580876,-0.05832233500478246,9.803017592904286,0
C,X,46.92416958521568,108.29409411252162,-1.0470055849507984,10.744155625128954,0
C,Z,57.64409336578161,130.31455559621966,-1.0109760430932384,8.108347498199322,1
B,Z,41.72777881397346,96.81500638089281,0.005374817756024721,11.113372667997831,0
B,Y,59.041316227272844,65.16248119882371,1.3128163593009048,11.571398121496383,0
C,X,39.86373455824282,110.90563695719618,1.460774635976401,9.874819814954662,0
C,Y,59.49048219243584,110.49364771483718,-1.595013307363461,10.295056002248167,1
B,X,59.77028707452938,86.7812213573949,0.46359095123241423,11.727861890650567,0
A,X,45.686566615949985,148.54452498271036,0.47934628532700013,14.845444150855261,0
C,Z,57.60781365084785,97.83722039363802,0.22887351001808443,12.23382688695617,0
A,Y,50.09766381521901,102.74033664906865,-0.9390393466907867,5.723077166437749,1
A,Z,48.57707042661174,112.07445602209248,0.8218426579871502,6.766291505446611,0
B,Z,58.275014916190315,90.04112616459219,-1.334523635336348,17.050832643695035,0
A,X,50.552312155496246,57.40033196501339,-0.8417064667460057,6.418109676543157,1
A,Y,81.56488725844623,100.8663017851926,-2.576449484396449,16.42005893276543,1
C,Y,82.21598940054844,65.68197770883552,-0.28416098789413413,9.340913645495757,0
C,Z,51.120786569942354,79.39933881787685,-0.27507454805973514,7.02430235194525,1
C,X,52.351433880559185,122.81096062120913,0.4079756344699505,10.804210819831994,0
A,Z,53.051159900305045,86.14508651388294,0.13088877044054895,14.000172535934015,1
B,Z,23.706477773584783,111.80559991703043,1.8429651356148737,13.93386666517352,1
C,Z,53.15454048491847,95.80656313707648,1.4215687410546873,8.192305800523949,0
C,Y,62.256263734122,94.54891527585292,-0.8971411742567885,5.690567607138395,0
A,Y,46.412807217563916,76.63339559716228,0.8632306250068408,11.04412151492369,0
C,Z,32.392092587536794,100.24804408901771,-0.9062524672264033,12.29407635856175,1
B,Z,57.92615390025697,118.11260519465684,0.00012796093963728407,8.85843326343169,1
C,Y,46.410463798150076,60.61015983583478,0.9338932396682196,7.420183367092036,0
A,Z,41.78163563770311,143.8482573331896,0.370750065367776,9.895778992931715,1
B,X,56.24273162610991,108.92778890124681,0.9332335288271758,11.457093990216876,0
B,Z,38.48450331060304,86.18915187485965,0.6764397411330818,14.477354547064984,1
C,Y,47.60790986467809,117.59468155684644,0.25722520727943277,13.67030500106972,0
B,X,40.72044462094256,100.28514226774293,0.5789979171016167,12.016591909730925,1
B,X,43.79669625363295,122.4022680596571,-0.2467811504320983,11.15710774671291,1
C,X,45.62934491012207,102.42913108580768,-0.08831284533954553,9.415003235624447,1
B,Z,48.89836986437592,132.9188379072592,-0.19500333998577385,8.825278686889025,0
B,Y,53.98212924584019,88.1445414087304,-0.32294234680857303,5.404413858114678,0
B,Z,60.01073574676465,93.16070043690458,-0.125377961572877,7.330496227894187,0
C,X,74.57062450890837,139.62553191493248,-0.18569356017295865,9.446365743049235,0
A,X,36.245094202727785,104.34880985093713,0.046321780587183156,7.711152314679695,1
C,Z,34.4966048604887,104.35601767452901,-0.5693361200628467,5.258145197144598,1
A,Y,48.08814983448134,82.01375547850661,-1.027684635396455,4.748945910979506,0
C,X,45.81965645195972,115.01125448287405,-0.3724727387055174,13.370525496066136,1
B,X,46.82519064278626,124.1225150469779,0.27778285460807617,12.265621423193814,0
B,X,48.678306508473085,90.78974041536968,-0.05401528005194192,6.214398067382827,0
B,X,46.97483573497292,51.43407330425975,0.9352839573315543,10.145708409055276,0
A,Z,51.7225039335712,100.1409608961151,0.9794665699019467,7.830413944172051,0
C,X,47.51279927744967,106.62910788141325,-0.4577072247937025,13.762613648349248,1
A,Z,35.020461028690164,140.90728127395187,0.7763069103289185,9.736401767144537,0
C,X,64.59107596876305,77.38812219864164,-0.1121892868195523,13.659150121247276,0
B,Z,75.91067810823408,94.09580268024574,0.40529977019201935,8.92663478248174,0
C,Z,63.54902573620041,93.67670152225891,1.207690471763966,8.595184673553838,0
A,Z,71.20743425425304,51.9475089166491,-1.6719708580202886,10.672378337604938,1
C,Z,47.84830337702552,106.34380962923801,-0.6861871350424595,10.427174244878572,1
B,Z,47.73015834514508,92.93563707679449,0.29104132130509913,13.38567867564996,1
B,Z,48.48473655192059,106.17256975262245,0.2362321605223496,11.162150085330472,0
B,Z,55.27364906572001,76.88393626208972,-0.9157721582893241,7.158270841491636,1
B,Z,30.803487415319374,128.7976893712018,0.17215505637381276,10.456638732428999,1
C,Z,58.9686149239591,90.16374216088272,0.14032663770651807,9.624353192853976,1
C,Z,40.18706513022273,111.5022097827553,-0.10231407457766184,11.599956086502925,0
B,Y,73.60882286552857,92.49360927425221,1.3778280126772549,10.91570600532574,1
B,Z,43.26696386287449,94.42490810226971,0.3697010335369997,11.05647040781073,0
A,X,85.71238420140205,126.63588401276049,-0.3385307227976475,6.46160877516845,1
A,Z,42.95052227397003,72.67791681011923,-1.2691963141854432,6.937694390017629,0
A,Z,45.92688817789592,127.84989584598313,-0.6864846838197918,6.706884059770402,0
C,Y,27.802154752253347,89.86768918503037,-0.9333919350609042,11.825501025943192,1
A,X,88.26506060170038,109.48658721704352,-0.4768937370480966,14.252501047803324,1
A,Y,38.59827229139731,126.70332538013486,0.9029720048199072,3.5415413733862113,1
A,Z,44.30513126098158,67.2183656111838,2.410577965478474,4.469254830961961,1
C,Y,47.893681379499775,98.45173592330883,0.18458513708328525,15.48332433600865,1
B,Y,48.46588871207922,117.5927139637963,-0.18834534239042883,5.789057521265137,0
C,Y,99.96006668871296,101.62859199020285,0.6318820959743617,10.931709137348543,0
B,X,30.11985339185521,150.0806209193407,-0.18922331726707875,8.667628618904972,1
B,Y,48.4533514128214,100.8113834304838,1.4144743564071796,13.466938737603234,0
A,Y,64.46310455454305,107.77801300039357,-0.040083118841965984,6.2122600605258205,1
A,Y,37.466475883922534,80.45865870629103,-0.8754232317546554,10.795532496132369,0
C,X,55.38768595415533,88.35683590921028,0.08197884028549303,9.356271277166353,1
B,Y,24.498866731469818,121.6623817543345,0.6704896610096749,7.598747151653896,0
B,Y,57.20488403511446,115.14396268436607,0.34340327069837323,8.661537629516413,0
C,Y,59.79256979090232,104.66721315528132,0.7835831171492279,7.834514958116732,0
B,Z,57.40487542297893,110.13389607053456,-0.41613498518093833,11.14944110703901,1
A,Y,25.500137753010662,133.19729542614579,1.048066618955075,13.549278380511389,1
B,Y,53.83459621307811,113.99338559122349,-0.5198557581730142,11.14465397085744,1
C,Z,55.73975260150859,90.06720177342447,0.47767673614868017,12.385600196821315,0
B,X,52.76493348473006,106.09770519610852,0.6910003666399938,9.47403616028582,0
A,Z,62.14297596937675,102.90604355284258,0.5502258882199661,9.718499006407969,0
A,X,16.642273766217343,106.08333997512473,-0.3725488204693452,14.4044053948272,1
B,X,52.954661372953204,117.36797936099138,-0.09250612080614275,9.433870787672802,1
B,Z,60.95292336074227,61.527402217978256,-0.2002169455569737,14.001928424972117,0
A,X,34.360381919698355,104.33420725391235,-1.253756732602378,14.210663020730692,1
C,Z,53.57982467811255,123.69049291706793,1.1212141859254514,14.725858366447932,1
B,Z,49.465584772382506,33.15336391683887,0.4523357927960947,7.368573592072866,1
A,Z,42.61210159206843,124.05544115777549,0.20213271805869762,7.564472102799933,0
B,Y,46.53303462247832,105.60655164307045,0.157727376697755,11.973809508928671,1
B,X,33.10394900593307,59.07214945125203,1.0098995933449735,11.862672378579266,0
C,Y,57.327406489512256,111.33637786233145,-0.9204150704695657,12.558238794055125,1
C,Y,81.49555566047674,87.72626346394527,-0.7518927515290401,12.389210798726634,1
B,Z,55.10330289643878,65.68365847135881,-0.0445527842213062,9.479097615481905,0
C,Y,56.052398701276466,74.79436555593071,-0.20391832597867768,13.290753000317029,0
B,Y,71.44526791425513,105.95738102447278,1.4540430490316996,4.787060613345169,0
B,Y,61.09393355710767,116.86960424508533,-0.24044876311841368,11.411717142936869,0
B,X,55.62049547810419,158.69999742503447,1.2825007688076047,9.687509648427508,0
A,Y,64.91993197437104,109.09041137958005,1.4188578026499434,9.278969083253784,0
A,Y,47.37104468848006,83.55048284151717,1.2119661484775843,14.885651450869428,0
A,Z,33.17721564917204,76.34294495984656,0.6022367362729505,10.84058718712697,1
A,Z,68.12330797536623,140.3633147739918,-0.45195961869062234,10.993798147167347,0
A,X,55.03797208533204,123.46490137182657,2.2126316261126897,12.874706266419997,1
A,Z,40.27157975434067,103.34530737343307,1.2276717431087614,10.144141237501701,1
B,X,31.886274987089966,102.82112516321895,0.6151957033952317,9.733472746909293,1
A,Y,37.33176168587728,76.04002280699778,-1.6285684703659633,12.049834838411229,1
B,X,72.37225452701342,98.12884206890696,1.9483410113326223,12.38227257516328,1
A,Z,52.42265598569793,117.8622598093071,-0.9493547012011277,17.317995841708395,1
C,Z,48.84060482392611,119.1947760781453,-0.12745436135195265,7.828958689921438,0
B,Y,75.44834723636616,75.3790025525785,0.5530668549938459,7.612363052061393,0
A,X,83.35589296596794,86.4497893039368,0.6347650446263234,10.224058843423295,0
B,Z,48.381638030520016,104.9697546746389,-1.6779377624195464,10.315756012016495,0
C,Y,49.97129079249117,112.01728362527894,-1.0346554134863188,11.193028616691574,0
A,Z,38.38005220532926,76.68430561582059,0.9066173625988871,8.336292739496395,1
A,Z,67.48244555191789,116.0585513331504,1.629721638732951,7.209188200091697,0
C,X,51.753247316973685,77.74243608135059,0.9496021482857242,10.087367435032345,0
B,Z,44.259664455158656,117.02610790002802,0.19264824870206865,12.409374754070054,0
B,Y,46.22677665120041,127.30794037918574,1.1384676698786262,9.504910094016015,0
C,X,51.21283174150422,90.0068273566663,1.3102191443372364,7.052733749566022,1
C,Y,61.84402464829016,51.15852495960619,-0.551209951325255,8.327906502337264,1
C,Y,49.10940257929421,100.62231214224838,-1.4925246914045442,13.299358475541467,1
C,Z,60.42628002011169,105.45352867976258,-0.2749853398476726,10.860802007098819,1
B,Z,58.39551684640013,66.20118355553035,0.383551197926434,13.08037767631388,0
C,Y,54.941645975392234,112.28213559579801,1.674420579869056,7.875935942646817,1
B,Z,20.651755679013604,112.64293702774678,-0.1922231312657358,11.204739339383845,1
C,Y,47.94688939165219,108.51212570629038,-1.8755171959598116,8.409432763568985,1
C,X,46.44652986083779,51.384273348816045,-0.5581721675581053,12.090924053337494,1
A,Z,75.01965810238796,65.43275004523255,0.4170476121992203,9.89504684004365,0
C,X,28.536048808600675,71.72993177791025,-0.537580152691551,12.905178996396376,1
B,Y,52.66291468655453,125.30295420827134,0.12820879999807414,12.023188685703346,1
C,Z,38.36093653303335,105.48221036500425,0.15535848523391563,11.216224263689366,1
B,Z,58.93320503562389,160.57816926261802,-1.3771705630728102,10.028048841954682,1
C,Z,23.34056264604773,80.65494325528118,0.27327684414241527,5.862549475825366,1
C,Y,70.19224053994968,96.08569059870193,0.8730154216592546,12.023168293557644,0
C,X,57.68319304885568,50.39789239275916,1.1807132952921,3.881867873651945,1
B,X,54.23454434582973,79.90574468488327,-1.2969220239336472,9.513694265768372,1
C,Y,66.70470944042323,93.82166977823273,-0.8933840583716938,13.11855970990483,0
A,Y,43.55160732692569,104.3641643623559,-0.8303119492488075,8.794399374972354,0
C,Y,25.616027428561363,178.4918012607684,-1.0023621681067831,9.522590564980076,1
B,Z,56.712080928347945,84.68661538052753,-1.0832668406670969,8.751528686233028,1
A,Z,48.918343050790206,120.15282072947264,-0.034957467827902086,5.642303238187223,0
C,Z,45.596774242291474,126.66665468546691,1.9102434843567988,9.097539558228544,0
B,Z,44.755104552862896,120.82116281596156,0.4815754983738843,6.193551855625662,0
A,Y,75.8477539682304,101.10307624523246,1.0836506876983203,14.691142015137144,0
B,Y,42.83963070845765,84.23244308239681,-0.8426588220057833,8.840705230643858,1
A,Y,0.3999045269535486,116.55667545790962,-0.8049819497211022,12.19659719267294,0
C,X,47.0838044168213,114.20531542642443,-0.8266920127754304,4.807542138579318,0
C,Y,58.60826775516874,97.99853534807816,1.4593268367458094,9.827684549476706,0
C,Y,37.261295145803444,108.41595773022462,-0.9072817099029681,7.628782747164044,1
A,Z,24.798744618737913,91.25670535797875,0.9390025035865606,7.675752865113923,0
A,Z,41.918186767319604,128.84993787393364,-1.677692167976579,5.857659079814122,0
A,Z,41.49438923828491,69.80468165830355,0.7524343522585794,8.150470882508456,0
B,X,80.2245887991835,105.67445465278786,0.1204746447729932,16.6640185093501,1
B,X,49.83717721542405,46.74338427037868,-0.9066017480644395,8.535956162464306,1
C,Y,51.79000321737116,71.47058705755904,0.16362692977293178,10.328598926009908,0
A,Y,53.93567990580793,71.36516046194083,-0.9631178816137687,8.497288252600953,1
A,Y,60.61155338681985,100.04855076150196,0.21443736234763014,8.38300355511624,0
C,Z,53.93241218209688,64.05909077527556,0.4863261747811651,14.202791973787878,0
B,Z,35.279240942339484,101.81507819223484,-1.205945696116203,10.504768215721104,1
B,X,42.501003143149624,149.59392438472779,-1.2125457562876496,9.8417181581355,1
B,Y,25.399229942626363,107.40606378708905,0.8338183432404844,7.131312427880314,0
A,X,51.05254428867059,113.33806814102559,-1.6262539556307303,10.436413105205151,1
A,Z,32.83409259454133,95.47198862272892,-0.13975591891818168,14.121717188321064,0
B,Y,36.4665290132667,123.73283525343443,0.8704191797752673,6.186291977179743,1
A,Y,55.85416135177971,78.9685057571913,-1.5602336153956378,11.272551693958981,0
C,Y,76.49442849305206,124.09854069102748,0.7228500662964684,5.669586749529054,1
A,X,23.732675144176106,96.82904332741074,0.1709912657101348,11.782292846476864,1
A,Z,59.776417200059015,92.46864938929382,0.37411564984777557,10.262368223417631,0
C,X,44.99106890694607,46.58706320177115,0.2331748530873666,10.32166087543827,1
A,X,61.2018239075275,4.864956106133491,0.20226897059614843,9.569577320486122,1
A,Z,74.57715193022284,102.51536614057775,-0.2599517333161048,13.644359706997466,1
B,X,46.663722566277464,114.7422865586961,-1.1550297847057103,6.315366944138661,0
B,Z,64.53099838932897,71.60148322046436,0.7212803230869163,17.602967221833335,1
C,Z,48.92371385084767,82.44537162918726,0.7136485782489334,10.106083491598302,1
B,Y,51.897628618786925,88.96798802996119,0.9523041874025012,6.898552619430721,1
B,Y,62.051531154529314,70.74043722480297,-0.7780709967425616,15.79699864481865,1
A,Z,52.78623641607137,125.87449979426346,-1.1752247083061564,11.318883001723428,1
A,Z,63.72358873268412,102.77567648478431,0.2792016782409129,9.709847733358426,1
B,X,68.21311721825604,96.86052714484437,0.377332481429965,3.3359086663989235,1
B,X,37.35710998949323,132.64282820089176,-0.6630428295217293,13.311188297638676,1
A,X,51.701435367559576,103.37466206955425,-0.6229800313414524,8.37275403647341,1
C,Z,26.849359922407555,163.67700355960602,-0.4518907649407468,11.682483294227866,1
A,Y,68.60190239525122,91.56079001364073,-0.1778077553372386,9.97350426952057,1
B,Z,41.24672273360963,111.14522144170854,1.0284891677227668,12.473987814487769,1
A,X,86.76732670500263,117.07849398242561,-0.21903920616795547,6.763179273083793,1
A,X,63.69905989899067,126.02833716401994,-0.5300788786720307,5.045960323296766,0
A,Y,46.72566154185198,97.13323806169429,0.2922409542992934,14.504351718045992,1
B,Y,79.82640754033898,63.30026183249486,1.213807957092972,10.277355442359497,1
C,Y,70.78084640141512,57.097762830724164,1.0972029146483897,5.372485202122051,1
B,X,17.81288621500719,83.07996536212464,-2.2522457429182015,9.33463509620775,0
A,Z,48.52561156975484,38.42249659767227,1.1080890050409367,16.735343583177553,1
C,Y,72.47629979924841,135.34917496824173,0.15757646233816638,7.398227306366174,0
A,X,66.72589524164374,30.688196228165438,-0.6301697450407877,14.21014508707287,0
C,Y,34.95656935052498,93.46470405274705,1.2176411783942804,11.017371647208032,0
C,Z,50.90993370895588,82.07051498326418,-0.7554944986927723,6.665599043071631,0
B,X,55.07112996120844,94.40324927580063,0.6641154103526196,9.873038205309191,1
C,Y,55.169254117626544,36.77883371197388,-0.34343858351613094,11.62237073101986,0
B,X,59.287148223786104,113.55382475030513,0.07839850143290315,9.537068434261942,0
C,X,63.92659819191607,58.32845100864768,0.7815019027459223,10.674151073924417,1
B,Z,58.51365491718586,86.75992287798738,-0.4771034725609835,11.642877360000346,0
C,X,57.0276184930863,119.71461094552517,-0.6487686627696072,13.434730230364362,1
C,Z,49.85455687678353,105.96295385571933,0.4093440081088631,11.001978788127706,1
A,Y,69.78409090314766,85.48185469685858,-1.0373076732448334,9.169584370868288,0
C,Y,42.99012598682459,77.7916655993521,-0.5582888978982746,9.803531927783911,0
B,X,37.389769247883905,134.32113945198265,0.2569232614759847,6.3754378695781595,0
A,Z,60.753586252561426,67.38294796996989,-1.6064824601349914,5.762608407826494,0
B,X,60.52986557544611,57.89711145119557,0.5038114899970497,7.829825234717409,1
C,Y,27.962290254836446,84.94094374355053,-1.0492807017734052,9.263615625691797,1
B,X,50.570983695051545,50.28649911360277,1.1786882949433264,9.020341125815817,0
C,Y,35.63044015236632,167.81854827950292,1.8089555440034224,12.104264379269916,0
B,Y,61.19444079558006,163.5634488718537,0.5663089000702202,9.07947676882192,0
B,Y,61.63449703761937,88.29269711726364,-0.072908997901021,9.201056237277935,0
B,Z,59.851096567195555,78.15607252737107,-0.2892910721442117,8.942711010967152,1
B,Z,61.94537833874917,59.04332823124624,-0.8754816478397,6.0285940886434295,0
C,X,32.107636891209765,104.0731979896959,0.7894605894769834,7.109157230547722,0
B,Z,50.03907047715027,95.20592600318788,-0.6985661269128576,11.869934391748899,1
B,Z,52.56876808153884,77.34115278970224,1.267375796939463,13.436802456980551,1
A,Z,53.3016678929049,86.67724150950531,-0.09926223984583664,8.561184458779929,0
C,Z,43.71037793250602,87.27728424052911,0.024033057461249608,11.654770949331725,1
A,Z,54.834606672483176,75.26075904137898,0.05982370712111169,14.024218405961946,1
C,Z,39.8786486149355,114.18358994921263,-0.4036235806781574,8.503979978846862,0
C,X,62.21481672979417,77.30928114128537,0.9521692622073029,8.203847664153624,0
A,X,63.07842441093378,129.78978850918094,1.3118217071104559,12.056286859751458,0
B,X,59.70456028073576,58.604133342901946,-0.08652061521646186,16.656871649296427,0
C,Y,66.18210727991354,48.71252753833487,0.33127982360418184,5.249060888475085,0
A,Y,75.93668360457261,63.66169971270501,-0.4325825256596188,9.118186506858539,0
B,X,34.00399873933872,45.44907521578164,-1.7697563180751013,8.52699371775039,1
C,X,55.21041601218315,95.39639095197796,-1.9941140140984666,4.216259002014791,0
B,Y,60.477564345559216,105.66726313226997,0.5176238530365739,7.574619586982008,0
B,Z,31.27068050797723,100.74614281830706,0.030304586751875976,8.193224675615456,1
C,Z,66.3471964204276,100.40586709792767,0.6481669753430683,20.121992801253143,0
A,Z,35.403894675993655,86.21303692890956,-0.18425503039482008,12.101492867641833,1
A,Y,36.40949280526785,99.62760944615503,1.4513553428227022,9.059957134153217,1
C,Y,48.77097007483194,115.06828230621628,0.40621302786612357,6.1902376601193145,0
B,Z,66.60640504700932,109.05004415335056,-0.6971173900743872,10.95542683063968,0
C,X,39.51785644920692,116.87117628242673,-1.3822176492918548,10.680380465307577,1
C,Z,32.181283939317,148.4581651215797,0.09327173872072267,7.945259460509668,1
B,X,50.09909344460095,95.46746282007551,0.19067779431168416,13.065304485807008,1
A,Y,26.975313532327256,54.03042787949788,1.583219253832326,8.531106775645279,1
C,X,46.61324392420537,97.1632870286877,-0.3351131271813974,11.923954687720975,0
B,X,66.69337329855702,97.6515941611021,-0.9159340681464799,7.625650666267612,1
C,X,70.4583364465233,90.92738427224992,-0.931967644502901,7.247150978113666,1
B,X,59.410871332386,108.69765608881046,1.602281203128028,8.864076135893077,1
A,Y,43.9104582070377,112.90830536997663,-0.7047909215054886,10.221739707292397,1
A,X,38.20959868985249,91.12764133898268,0.5056109734244977,7.023772760647014,0
A,X,44.31149059954447,133.64283070957345,-0.3975912483783749,10.176984157945881,0
B,Y,39.028743858180235,100.0918916127855,1.0213174354218004,5.991937481032881,0
C,Z,37.084632148508426,127.96574100168895,1.3429867506953428,11.4751704949817,1
C,Y,46.64818853697399,64.42916278134697,1.0859613789581666,9.057192825222048,0
A,X,46.77450579041972,122.84943100337739,-1.7663114776823017,9.411602424161764,0
A,Z,42.455954272538804,114.03952346125917,0.7588892114521683,9.775071460704286,0
B,Z,51.87570335991397,44.28651926488863,0.9030809773046353,10.643567238391755,1
A,Z,46.04253942029387,87.35975694892613,-0.5262290039399559,14.400252425913056,0
A,Y,67.20567895792259,141.42228591307097,1.7638385503553182,13.981013708281658,0
A,Z,37.79815396762908,134.82166799465375,-0.8427698097863916,8.50356137697447,0
A,Y,28.504128238437083,66.89111245869731,-1.3320637940978786,10.015938214894746,1
B,X,73.16182562309342,96.7976882634359,1.1247448669231155,7.196330560471379,0
C,Z,51.1442798930698,123.97898372239291,-0.13185412700210664,12.101723653579286,1
A,Y,57.41583935550887,85.01858957190154,0.25574755917699343,11.040747212137584,1
A,X,56.5749113538563,149.91242238729512,2.150006376454549,11.60958347286735,0
A,Z,67.01709922088682,69.9257270934935,-0.4790745378220939,7.851761085476365,1
C,Z,63.398666607160514,69.4685481424767,1.6721401325531051,11.81609768082442,1
B,Z,50.92265093267528,94.0093339239106,0.29816222021186917,9.791022315938521,0
B,X,49.77202522425218,83.46531052592442,0.3344142842533168,11.307664288814724,1
C,Z,40.59471126823067,73.76682411879347,-0.2182469041054908,11.755896404560252,0
C,Z,35.97182157686987,114.84190632660918,0.5510117786592039,12.135685428999437,1
C,X,55.15595065787462,94.24758606077033,2.9002356528468796,11.783999562848786,1
A,Y,51.59876373724023,98.68472058432356,0.1346978447950371,14.110910910051068,1
C,Z,54.29823937262428,88.65584125532459,0.7149313011904507,11.373296972172176,1
C,Z,79.54363765448034,109.6771638832199,0.5622676703691571,14.877951698173291,1
A,Z,45.6219835314423,81.23573809046964,-0.3553782131396651,5.690651697546493,0
C,Z,46.243081746536625,114.20170350809626,1.0078933964915453,14.319623155046163,0
A,X,45.53962756523058,94.56898288290098,0.7601450450628607,8.762859703576733,1
C,Y,55.125097581571666,121.65917517828063,-0.5217352440300868,15.276187993857864,0
A,Y,40.000635795485145,59.40726415799,0.3516920777852985,10.594415453798575,1
C,X,25.348484708161955,117.28952067000566,0.8761331881523886,9.60363854384368,0
C,X,46.50758192393931,118.94458697053663,-0.1039672744997564,8.541308479011105,1
B,Z,58.81891868574187,60.31064545280731,2.751663745722653,13.698833168290076,0
B,X,54.232096749804455,91.46407318349844,-0.7172834923247071,8.70106118093365,0
A,Z,62.71543688037776,120.45072167944024,1.1989420212742563,9.508399129248374,1
A,Z,40.769410076224304,113.709831162373,1.169041139426782,10.443885494253431,1
B,Y,41.20747912933505,113.32305701693393,-0.9117746814565021,12.454285481605105,0
C,X,67.43304029087163,85.61768098083833,0.7483967932748365,6.531957266759311,1
C,X,73.9411034067794,108.36694425350997,0.7610287332795082,13.829789156480775,1
C,Y,71.1107557745735,99.30907693211986,1.6609346584206282,6.0721189108701354,0
A,Y,61.92872386117942,117.09825429408401,-1.2803696841924854,3.0992351954260995,1
A,Y,40.16291751915112,69.80855120700816,-0.06561775484377144,7.085781758535465,0
B,Z,46.547324661182145,113.32580833397068,0.7588455796700045,11.446832484067821,1
B,Z,42.390105810680126,98.44260427410708,-0.16201101092307757,12.83075800406466,0
B,Z,75.45722295565054,79.58436416906305,0.1223438025165559,6.0860578679473765,1
C,X,64.72777717156032,67.72647476845614,0.06009692469652578,10.980951720396524,0
C,X,62.251443390949746,133.70891247081698,0.510905560735711,8.344277367959487,1
C,Y,55.54199806505479,73.26289040600048,0.6546752440721133,8.35107086915589,0
A,Z,63.89853719268751,75.50509295941254,0.49980297418825803,12.808410412933178,0
B,X,53.39694149972192,104.74487292742326,1.0709073386527024,6.345223745165476,1
C,Y,30.568892362069604,91.97787851223703,-0.2841055224534426,8.606465383089219,1
A,X,30.67597272152343,68.78650574429152,0.41208311333165437,13.978548080175498,1
C,Y,31.704018219892546,132.98521602048572,0.07182495114063203,12.428708633472024,1
A,Z,33.43431870879088,51.40901676290998,0.23860951209988396,13.136254100597174,0
B,Y,48.89415821522624,74.98989122938228,1.0599867683203679,8.89222438287811,0
B,X,64.28079477846484,74.02609669147859,-0.3381721495928317,6.654548549744546,1
B,Z,55.33847751064993,73.56932890301155,-0.030816248487633313,6.527018514818904,0
C,Y,90.36041071810479,69.40881640727773,-1.19053362725063,5.82311995688038,1
B,Z,64.76398548441414,62.378173189160066,1.337255082565101,9.51110860179086,0
C,X,41.26526496558266,105.13417721769227,1.4533500883327302,8.280892518104121,0
A,Y,57.32313675073266,74.34369622100166,-0.6129442021758972,5.817945387909363,0
B,Z,67.54367522403074,87.39453854567054,-0.685663030168662,13.428658796682491,1
C,Z,61.63671275176922,114.45934558513535,-1.1179297233481151,4.117014055804758,0
B,Y,62.41574846286834,110.33415245289633,-0.04043712571675317,9.252495843631607,0
C,X,35.7418526136268,99.7914607696235,1.378924828920104,12.210605790340578,0
B,Z,48.205953016048994,115.76004627614932,0.17261918240023386,9.239155552338865,0
B,Z,60.19906751369489,94.56701361852333,-0.6166331767774482,10.772414943407226,0
B,Z,65.67368949473283,87.12269213912167,-0.37049329934546416,8.402199670822267,1
C,Z,25.674594078785834,105.11071497216761,-1.0554042411529911,13.844342936234929,1
C,Z,43.54859183416271,105.59044403999737,-0.005942178921350575,14.200690924424384,1
C,Y,42.42830540781361,128.45474804343596,-0.18444765525681295,11.901625872332005,1
B,X,19.187563996836165,98.45223656590085,0.17459317555189205,12.494621100710955,0
B,X,33.20168423801796,118.33036510876028,0.19419856599270313,15.317112007938928,1
B,X,69.6159973427375,48.8761870187934,-1.9239461571736793,11.21980242414461,1
C,Z,45.831166368674985,88.80910131648301,-0.4460901091408438,13.180034968164916,0
B,Z,60.91773384496587,108.01628626321386,-0.08777056009596491,15.964344942664448,0
B,Z,46.6362714943126,62.944754551504815,-0.3294271952534102,6.643527305205087,0
A,Z,54.84732491474518,106.44647715479293,0.2645863960672887,8.827306162427035,0
C,Z,49.29114817587471,109.69657087021957,0.4450215640018645,7.730330466258801,0
C,X,56.50659889250767,95.90626270576277,-0.23089576842821302,16.4093876741014,1
B,X,42.509081677891196,154.25666377367358,0.9140589047429785,11.06183463070267,1
B,Z,60.269238735109994,76.2716766056034,-1.4679652277230777,11.168480510132957,1
B,Y,61.62535371318972,113.3032935575473,-0.8742758472409075,7.71376939893487,1
C,Z,46.06206772812266,81.08184024098802,-0.2749271218459067,9.479817274563496,1
B,Z,91.80415786124496,116.11954401686064,-1.615738947770921,12.348223977221442,1
A,X,14.608545801269145,113.64130819199059,-2.0358897504359903,10.756522687532522,1
B,Y,77.1851896695829,97.58419898156764,-0.5264291831425137,14.129955422752296,0
C,Z,37.955294361831946,78.45163894996493,-2.1593451830008483,3.98662642760131,1
B,X,63.97592905656806,99.30244363231228,1.648743183439572,9.994442572729435,0
A,Y,66.32668284609753,127.70500078729474,0.18490397811655584,8.56186662241802,1
B,X,54.181511604415086,117.29124512024156,-1.536742523550375,6.749051972890659,0
A,X,47.564570592379994,88.01478970580634,-0.24087363853434604,5.028922318089961,0
A,Y,94.83409136712302,91.21665552257961,-0.3466965560918024,6.227201071216497,0
C,Y,81.68739209334454,117.31290430287876,0.7181074338735444,13.730742851610344,0
C,X,67.13864529974887,106.51837303643741,1.6197802485866037,10.647634925099775,1
C,X,45.56977181956832,116.81142125043783,0.9260053913857215,5.998167892389265,1
A,X,46.42019989926125,136.51141570939495,-1.1895427452479137,10.512357889713929,1
A,Y,49.13206756197008,65.40218722097799,-0.954104547883197,5.86003842180127,1
C,Y,69.78042688173508,56.85949451132822,-0.25684379260302176,6.959688176879414,0
A,Z,26.888649839927382,77.0381071723385,-0.21374957257003727,12.970544746823107,0
A,Y,57.011685095193464,67.55144462063171,-0.33865048706819584,13.142537437354978,1
B,Y,56.10440993101027,118.55716944139479,-0.8647189936705094,11.301250326937621,0
B,Z,44.576210960270686,118.83544441448923,0.09121774873535944,6.799115661660985,1
B,Y,64.78089054972054,100.26865193527966,0.669270434706455,8.578660605287588,1
B,Z,58.27138437620559,97.1429023495067,-0.38554836841362033,7.2576692093781245,0
C,Z,37.60565872442065,69.36995782581144,0.11239699831301445,11.958275744820993,1
A,Y,35.65884342306012,124.01636292594672,0.04271524823705551,7.861939160806877,1
B,X,48.78992523738954,103.08548980021969,-0.6778989084136229,12.564072686710198,1
A,X,41.00851694949873,114.64711266229077,-0.22519553145614324,8.807022072485113,0
A,Z,24.547051987340453,91.48028479889142,1.2137922066041662,7.599548023192561,0
C,X,63.89960832073127,106.66747406597591,1.3148369988840047,13.566860335352235,1
C,Z,44.71179691949462,167.2009322861071,-0.90070767266782,9.860467067782759,1
C,Y,71.65160135294857,118.51788070243799,-2.2126760883573193,15.33300001714198,0
C,X,39.82234012383138,97.71418524570933,-0.9976554954709871,11.811912000287965,0
A,Z,42.95150146653543,59.74156190006065,0.9716452711007572,7.592107414134214,0
C,Z,43.02710325870464,185.80000883694913,0.3716081138505459,12.34288860667344,0
B,Z,58.674012305535584,63.12556298098823,-0.17605425610758044,12.060734875724105,1
C,X,88.83986447708274,87.23644667501974,-1.859335286898208,6.758992844501956,1
C,Y,64.08310663387847,90.41193985727482,-0.8812248665856324,14.85342148085949,0
A,Y,62.10717831652755,120.26084780584178,0.30173910678210825,8.866605799522585,0
B,Y,56.88916441056946,85.14079432182434,0.760619047234971,8.531985206629445,0
C,Z,28.331872753707398,108.14213081038537,-1.036612588169341,14.606887079364325,0
C,Z,59.61840597571238,84.46048816036213,-1.0284893738071956,12.491806190197602,1
A,Y,51.72526935347813,114.04104032289762,1.0656368595901682,8.48405461311094,0
A,X,66.5845885449333,90.0221439321527,-0.2655478766733645,4.632708310271171,1
C,Z,43.52430233772452,77.59755391157711,-0.5499722348560439,11.675796462674452,1
A,Y,61.00802497385353,108.42604002429896,-0.4690653268499647,11.615020104601156,0
C,Z,48.214651647741285,139.54745071549445,-0.6013326968387187,8.975871182567701,0
A,Z,47.83321837765676,89.40963807852619,-1.3751109253689615,12.739495708574601,0
A,X,38.808652353772416,84.33473746810748,-0.6076384629001168,10.421837333731139,0
C,X,38.58158769391961,139.84163684312026,-0.14103989097621983,14.310235161370926,0
B,Y,38.343157039118246,96.71342016726445,-1.3597824425869027,15.684327050182834,0
A,Z,37.42989781587503,74.27435214383269,0.8747360624558076,8.542654217800212,1
C,Z,32.68082959834917,134.19296294064486,-0.8791134336405739,9.882590181676994,1
C,Z,54.1603285654999,118.99837830702376,0.101343419997813,11.906562226208985,0
B,Z,59.78508359787693,78.93197225054274,0.13706906147045506,6.62151638258706,1
A,X,52.23605613717117,110.10666379821738,-1.8435588352065453,10.042965211265168,1
C,Z,37.77300805010471,94.65310361190791,1.680524014754528,7.891482053587901,0
B,Z,44.550780440316196,64.28636812799994,-1.9409257106517948,9.916523508380504,0
B,Y,68.61095519299006,121.3014618352626,1.2447595485101846,10.59944042543363,1
B,Z,58.17640297911257,94.2432404535583,0.053869579150794246,12.099802490710182,1
A,Y,39.48678752594576,72.90054504868587,-0.8444196629550726,9.323492075758214,1
A,Y,65.03698560570608,106.16017623528876,0.9183676828635788,15.19205367803528,1
C,Y,71.56649271067421,66.14759216729854,-0.24724126196323454,8.810865481618992,1
C,Y,34.65422394096906,63.24040424682475,-0.4860191811192914,15.248848656083696,0
B,Z,42.416717460768744,92.35737486192416,-0.5184644379368174,7.496221765951804,0
C,X,65.36920811593826,65.62393860696622,0.5889065530135354,9.841008925609176,0
A,Y,33.72849131665063,67.14346140774937,1.251424347718337,14.134639884817833,0
B,X,73.03926451376856,65.53564499485937,0.544984980407015,8.543924808788375,0
C,Z,60.99826954460314,77.22399517738754,0.8584598546749416,12.436663441384345,1
B,Y,23.520753044561836,110.1157147632612,-1.7354643902690912,14.057022664085247,0
B,Z,27.52900095031319,96.184676082521,-1.8858081393902488,11.066848103717668,0
A,X,52.002701450650896,105.37497455971342,-0.26552579191762404,10.490969992346713,0
B,Z,54.34731823205664,131.95508913337926,-0.421110199260342,11.276379530129542,0
C,Z,50.36973693294157,74.64916318311343,-0.4152444783540095,13.999263169849709,0
B,Z,53.66321374793443,91.17892805588501,0.25727023074066074,6.02462240975173,1
B,Y,48.35206864445076,138.59838061960062,1.8656374165113847,8.96875199032889,0
A,X,53.23102025337842,85.59455163559942,-1.4742418457045845,9.8112240080778,1
B,Y,54.71412644962034,154.57803352354856,0.5287611737725957,13.166968847720927,1
A,X,26.846322966565403,64.17737339305367,-0.5514659260609794,3.635818058330152,0
A,Z,32.48529977387356,103.81638828317702,-0.012250398257581861,9.400727328544852,1
A,X,55.138696365881614,125.89814938124417,-0.753520315788615,8.36968273658939,0
B,Z,41.23939300842693,103.29840194281093,-1.6678597901762544,11.429279444893872,1
A,Y,57.99685808499568,103.90737244061103,0.4252612788351451,7.7582754332326616,1
C,Z,54.90648690234481,46.49059618929125,-0.28609792413341556,13.662381047545374,0
A,Y,48.03130044923034,61.87364712023324,0.29960875621050354,4.116139530847562,1
B,Z,43.159787581482476,118.7277255950436,-0.5416546882982163,2.633108627048312,0
B,Y,71.5289127676154,127.82083465566973,0.1914161214536977,10.65656008663226,0
A,Y,44.556913021651916,146.52269159719776,0.935437252223089,13.29312626002857,0
C,Z,57.71425032361075,105.7317425610213,0.36117646349645965,9.179891090496948,1
B,Z,66.92957844143723,111.13432340168359,0.1744609026441719,13.27586589000277,0
C,X,62.70250409112565,73.61756959278068,-0.5120777641993025,14.19502587632497,1
C,X,61.69884799636155,72.98668438469548,-1.4666295497475847,7.686201272446182,0
C,Z,33.824573250750746,105.08708839789587,0.6277611850982253,7.995393999216015,0
A,Z,50.17472433812797,112.11149370639718,0.48823261671713475,6.2062033342665,0
B,Y,34.48544000103772,108.28112873662712,1.196285314290598,9.926900045095316,1
B,Z,41.15353890446423,138.23201361080754,-0.05369115389321413,14.995734783923375,0
B,X,44.788608190011246,74.01728784697393,1.785304921177835,12.855872703689927,1
B,Z,70.5113704552708,106.67709197969309,0.13675412684305188,6.8703431735093385,0
B,Z,71.4310858914134,114.58882699803581,-0.644078829619755,11.34731601160004,0
C,X,42.54925998040421,80.07822826623394,1.5432301678200446,5.516383235268648,1
B,Z,48.55487144047011,79.32619537386596,0.9707480916193517,13.002136529246163,1
C,X,66.43300986170334,97.06825899373165,3.0372478646522,9.381586777517446,1
A,Z,48.8311457236112,117.29671944769798,-1.8141037325936147,10.122292525347614,0
C,Y,36.34098995213789,86.2479334571765,0.616388096196567,12.900902960598488,0
B,Z,61.340460116983024,101.39435831834028,-0.1468319486355043,11.485138527554902,0
C,Z,41.19633129891884,95.2805332489266,1.2066168666382744,12.757957158728225,0
C,Z,57.594039815651946,83.08984095767993,0.5045872663911055,7.245451145375901,0
A,Y,27.780825258886107,72.08004286633293,-0.8844563883183368,11.201314148265507,0
A,Z,38.10725103919022,76.07670125312588,0.4863412575006326,8.466827450329287,1
A,X,56.71657324496283,117.14488504488511,-0.9751055930372028,9.957634543610345,0
A,Z,38.58541362029682,105.86556859744168,0.5340807670812413,11.813261960460762,0
A,Z,47.31049899116285,98.58310819063084,-0.6636827190539604,9.891111125772081,0
C,X,54.06808245284709,91.98155093262478,-0.4402021475610324,7.350490152370658,0
C,Z,46.92362390228761,139.42097565482337,-0.6577482314740725,12.066934010091192,1
A,Y,65.93647513602599,127.8207219955456,0.3468040773405213,11.247724112528397,0
B,X,52.84562005171502,139.9335780360279,2.1052718135849084,9.541328567093386,0
A,X,43.694916611299526,130.86262821560427,-0.010789100684961157,7.355439855147351,0
C,X,48.82479541934605,84.90909336853392,1.2792058057612716,7.553800789079618,0
A,Z,49.26996957270358,96.95248778151091,-0.7591767976110405,10.425477949353578,0
C,Z,50.17528933341616,88.15332125552926,-0.16147639572778874,10.63128846579335,1
B,Y,45.23506909167109,98.97913465275373,0.7160482180531376,8.866493477842637,0
B,Y,62.208649758119385,85.54434333557217,-1.2034972727466748,11.547858140039562,1
A,X,24.341095682291403,121.5018340034446,-1.2205925241842954,13.552606860919514,0
C,Z,38.82184978223359,73.11167455331028,0.1022964636083973,8.820174585139057,0
A,Z,42.473357323149976,79.18548964165915,0.5400550548758172,8.759069802119914,0
C,X,33.13897539588872,120.97771137154413,1.9441512982961004,11.09589240949066,0
B,Z,52.848669150598575,104.76144369249124,0.4894586659868746,10.005105346129579,0
A,Z,21.144211015836845,110.36527103138495,0.5356865361457597,11.530743411711383,0
C,X,44.300751647189855,130.7057494744082,1.942372429240527,8.002910557981254,1
B,Y,39.32163927352643,98.1494827003479,0.5523896298499191,10.785815620065323,1
B,X,48.47792446906581,126.84735748031275,-0.45734185186022347,12.61092770048997,1
B,X,36.43743883622607,120.46150738347916,-0.8585874857125075,11.312848847314077,1
A,Z,23.573242968245307,100.27993780248546,0.7159405849969634,9.902213322295077,0
A,X,32.70240267953325,91.00953231725815,-1.1688258867541252,8.879462687165644,1
C,Y,49.30858314490298,74.57133894256413,0.7508587889480449,14.970464719682315,0
C,Z,42.53323045758826,128.4666253980565,-0.933116993355821,7.706140132982302,0
A,Z,71.7511262649065,54.98983963527929,-0.5269610579175872,9.919851812404826,0
C,X,32.72411245316388,131.7656962275401,-0.21947324105476726,7.404712444884447,1
B,Z,66.93338650721392,120.29601833502815,2.4120595940846683,13.628226697685953,0
B,X,50.95808063478314,91.84221811290163,0.45239509988915694,13.864050871701089,0
A,X,64.77636524804102,121.58395869806246,0.6098483135076189,11.742376889974175,0
C,Z,78.96498692260295,82.85181714866722,0.1573497725864469,5.19676105774128,1
C,Y,48.254075860113744,95.43521352865875,1.669912393231801,7.242639052452583,0
A,Y,47.83813114461509,99.2296539335248,-0.2956492696566252,6.968005767110301,1
B,Z,50.5294284114382,88.2407878750878,0.742646891075873,11.717871819432132,0
B,Z,50.609505050155576,119.50705871069366,1.2718150240908668,8.351394427492423,1
B,Y,65.01536733117554,88.09463410025951,-0.5737639833983621,9.462977603414567,0
C,Y,47.58067455283521,106.20840595167486,-1.1460913266645762,11.548629476872211,0
A,X,44.17149835995939,100.0931853454369,-0.9726272164791533,2.5684512404941557,1
A,Z,43.07216872027941,128.22765938331187,1.4495351448876215,5.252469062715227,1
B,Y,55.213868183280034,101.19030651191497,0.47307466048753555,10.818138540261684,0
B,Y,65.10589463436135,90.94937703093589,-1.7352327807008088,9.50723962938679,1
B,Y,63.15600010875874,125.1381301605308,0.027995464510850908,13.491862026878934,0
C,Y,75.04704540399194,100.95307289553159,-1.0642262472882944,11.892629877212563,1
C,Z,66.28167713468926,88.21937393055167,-0.62491836175575,6.139872436973928,1
A,Y,56.13725624221149,118.86223071309436,-0.3959230963650106,8.395173880100625,0
B,Z,52.917506187467175,49.99367619608186,-0.8647354935645208,10.445748129363864,0
C,Z,50.547873210346054,117.35595440581169,0.7696612937002367,6.163024813274613,1
B,Z,46.4612095031785,93.27806123720572,-0.5028367130663194,13.124266894802954,0
B,Y,61.810524883396816,125.991016494278,0.33858351973943424,15.2326511612483,0
C,Z,41.6495374486889,92.37347960911191,0.30119252924953643,8.049480519292565,0
A,Y,44.36423598304113,120.43962281601526,-1.341626382665914,11.964068397544123,1
C,Y,52.04814761691837,106.43537738466259,-0.36905400941682054,9.683088494937177,0
C,Y,70.71632213668508,72.2320874911097,-1.2416826770248484,11.500283339226103,0
C,Y,23.582670868406797,115.23786498967121,0.08482560733998232,8.102860314004111,0
B,X,81.19308902899337,121.9380399287434,-1.1866845433807875,13.843531382120586,1
C,Y,35.44222491924053,97.76445594844711,-0.453638315873862,8.294878848225174,0
