,x1,x2,x3,x4,x5,x6,y
0,A,X,30.49612907869692,79.97178742144868,-2.794423976747036,9.53718153821982,1
1,A,X,39.03698911369547,100.18886115422993,0.125599358340756,11.886640653687484,0
2,A,Y,47.95339003649538,106.9808229599026,-1.9669264225098508,12.807322027375928,0
3,A,Y,61.89481426190246,84.29557269994656,0.3160839912259839,8.528806679188879,0
4,B,X,60.35791052901792,87.37896274061637,-0.2162529448206418,10.583996912232736,0
5,A,Y,59.71883062291404,51.71683808440513,-0.9737284055086745,12.449651821745348,0
6,B,Z,36.40916689206646,55.642538777919526,-0.7072115617809072,12.778466781940992,1
7,C,Y,28.41503520104314,152.64241535518346,1.01225177718619,8.959494304385819,1
8,A,Z,48.13873700817111,116.47732754860624,0.8451565445306892,11.63378025831898,1
9,A,Y,46.18619909315936,107.20718709624111,-0.2686176278554747,11.82050131332084,1
10,B,Y,29.58080991893513,54.54109531433815,-0.1282487567314416,8.668085061527936,0
11,B,Y,63.31888300649689,85.8439043642015,-0.6485598363848307,6.096153407989437,1
12,B,Y,36.22201528149053,93.99054079046788,-0.8702677922746899,7.517126036346391,0
13,C,Z,43.515479331851886,50.59514630148525,-1.6848913071485936,7.529726988404029,1
14,C,Y,39.77153119176717,111.33705699604292,-0.5819167639824386,11.78493676640641,1
15,A,X,63.33080484181584,83.98933329538941,0.7241329516538578,14.814836526545236,0
16,A,Z,60.94323049570692,91.17937683822804,1.3296033357159658,7.216798464226296,1
17,B,X,46.48223297122481,120.34379352404233,1.6241480429519106,6.221814750091076,1
18,C,Y,52.86083713566431,135.53905793515796,-1.1434002394543703,9.85502939936922,1
19,B,X,21.25595934699216,158.9825865148378,-0.6563612004121363,8.7011028933034,1
20,C,Y,16.418173879062607,58.36817377659951,1.527384576683653,14.341972227530473,1
21,A,Y,59.76202597665941,81.15757736311025,-0.6977317733956089,14.669725130166068,0
22,C,X,73.90067790345006,127.86504034928043,0.5443141547276195,8.97252010996015,0
23,B,X,99.17849182064488,56.51819511681991,0.459960189958596,12.3553739843469,1
24,C,X,27.93485766137196,43.84630458620305,0.8306642436872431,10.440203493404772,1
25,C,Z,37.54808627568422,67.69051650642868,0.7499781483185671,8.167883542571527,0
26,A,X,62.562796579442605,92.6118450882169,0.5192087802801728,14.268712380241412,1
27,C,Y,57.30965483610427,121.70714478426918,0.1963805709264855,5.504750231953072,0
28,A,Z,53.881763319089984,129.2855534863046,-1.8013336244572933,3.832518851755938,1
29,B,Y,76.22814639486478,87.8214387770513,2.163305053785236,9.786842196774913,0
30,B,Z,22.197143835110783,66.81600672553785,0.2731567030920933,8.326836035195013,0
31,A,Y,59.18645885924323,99.3171036546,-0.8439619237600511,12.75852985201502,1
32,A,X,45.51447071120023,104.3854036458589,0.9638211306356336,5.128148856095705,1
33,B,X,59.47611686086184,136.4770324417674,-0.2554299957096972,6.395341363994511,1
34,B,X,41.28908857961917,125.58960808997404,1.6877051743635707,7.875839854698283,0
35,C,Y,32.74950205136379,104.99638603249264,1.0250006530782814,10.865564552927683,0
36,C,Z,48.19703585209967,89.68854598999613,1.3373413070267752,10.022243014902664,1
37,A,Y,25.47570576920711,137.262962704664,-0.6388471674973791,7.69399408992864,1
38,C,Z,48.78599503432224,128.2874656359934,0.1810793672884546,6.303627572818928,0
39,A,Z,46.36560708724642,99.97633721893963,-0.4193387787857255,11.53682308432252,0
40,C,Z,41.30588464632509,121.44482407916598,0.9785255244459132,8.866254191032873,1
41,B,Y,23.074704292458375,152.83250737312434,-0.6953627849031826,13.518992922699317,0
42,A,X,47.10979340871849,73.49345658018994,-0.5290344866469145,14.86248787228102,0
43,B,Y,56.11421274871749,82.52036411944219,-0.2769307121732281,7.630659882296827,0
44,C,Z,69.73601734538582,57.12202230772015,-0.6056416972980578,12.287654619498008,1
45,B,Y,63.16674094543832,124.40816385451754,2.184465723842664,9.910296416392198,0
46,A,X,47.4543039734823,84.83888765256084,-0.7796815069922844,9.400260408586572,0
47,C,Z,70.37671304119448,71.3821811213786,-2.325850919014885,16.461758666821094,0
48,C,Y,73.4774638651564,139.06009964050813,-1.2697486804364977,14.618718304227542,0
49,C,Y,56.01957240458111,84.51094617543077,-0.2257486749013203,10.809541860438417,1
50,A,X,57.47006240760027,97.21945630819197,-0.5494399839690349,11.259264135400723,1
51,A,Y,40.65986954371376,80.5313001810216,1.6229931506568955,13.609023376319236,1
52,B,Z,53.057543453365184,125.40217372175738,0.9856133898137858,13.835844989591877,0
53,B,X,38.91795440480836,117.73810992164512,1.9841178846576315,15.745840897467048,0
54,A,X,38.87606324917985,73.68208449111404,1.1276937939978835,9.233081796294025,1
55,B,Z,55.55858229866979,106.16236843496364,0.2341071785094658,3.674634359680708,1
56,B,Y,28.8545721457986,109.32555499402108,1.611435661461286,12.378121319023387,1
57,C,Y,41.23691090244256,79.17666750812351,-0.335851696242281,7.987084183845122,1
58,C,Z,58.67068624477733,108.74141528673351,0.4599793346295743,5.114085635095168,0
59,B,Z,28.027508034136087,108.05433470561884,-0.3413872647839756,5.258959729874657,0
60,C,X,61.25526237019471,92.36905399976516,0.6401378565659025,8.363395238215054,0
61,B,X,18.89259599230769,87.58518230358696,1.1226896317616664,2.7486559370238464,0
62,C,Y,45.33557736989039,119.1377828897909,1.4194619002104585,7.691629440494775,1
63,C,X,53.35086148058035,99.17028311153476,0.6962409245044509,13.205915661866436,0
64,C,X,64.78590544663862,133.58641419134216,-0.916408018405278,6.245442233998904,1
65,A,X,57.69086751706742,83.38707963548893,0.9002115074839445,8.843614811496327,1
66,B,Z,25.37622861572642,88.80318357438699,0.2243919403846311,13.731220115087416,1
67,A,Z,60.49964590152803,57.87544289160328,0.4365344033097439,9.220472561194295,1
68,C,X,47.33275362276297,88.71315866239051,-0.7901922094640191,9.058313720770608,0
69,C,X,80.68204013424227,96.13522001106072,0.6936842901231552,8.234457125792497,0
70,B,Z,24.72566145580296,60.3944280148108,-0.3235971813632193,10.505123435656884,1
71,B,X,36.77420995401404,66.77093068111338,0.2294625919771762,11.60736503632973,0
72,A,Y,40.45911999398909,58.99511873769118,-0.4693261003314705,8.957397933511759,1
73,A,Y,44.500381219584646,93.25814629490128,-0.92957616346142,5.298459063923448,1
74,B,Y,26.5808791179674,140.9950692918057,-0.5623825307243239,13.092422663099583,0
75,A,Y,63.59549390465162,113.89020493427816,-0.1701633599416139,7.02845637413035,1
76,C,Y,63.13689337132728,47.94034401427621,-0.2645199335756173,4.448666446781836,0
77,C,Y,33.87007552320348,61.82061576752715,0.1805836492632134,7.047784061093977,0
78,B,X,49.55746894045813,76.29182993519942,0.7081280124954668,8.45486523548489,0
79,B,X,27.056171684260057,123.12038646050485,0.0848680675016952,6.681710656571696,0
80,C,X,55.14881617107988,95.76827582775024,-0.7933353184301358,8.364058209267167,1
81,B,X,50.302313811504966,116.19237534232884,0.104032471070983,14.00532283884564,1
82,C,Y,36.28887973721123,114.9453968879309,0.2300805229739361,11.983540483378606,0
83,B,X,45.905825253799634,114.08572312527905,-0.7931090650379786,12.695385364332328,1
84,C,Z,63.12130676460028,92.25441905490943,-0.5504002692173542,8.370450400002873,0
85,C,X,56.22323469870417,107.90125184052252,-0.1255360698637066,9.224097870847968,1
86,B,Z,29.29525354746158,44.673902392859546,-1.0074611045989024,8.429386761336952,1
87,B,Y,58.25392071248875,99.93275203777048,-0.4123566281282293,9.11767354525564,1
88,B,Y,77.09436168743574,72.57673929919515,0.8221921164424528,10.439777290238585,1
89,C,X,32.66481130845254,106.13167298461688,-0.8484482651331153,13.629014431039892,0
90,A,Z,39.329223639985344,85.43125467013223,-0.6559263347343347,10.560306242513496,1
91,C,Z,44.96269052869064,93.45348754969356,0.0155490998097639,3.8445921884388072,0
92,C,Y,38.26184264199405,120.88996151944572,0.3202761551441101,9.206758354233282,0
93,B,Y,40.848620329557335,71.0980552217141,-0.2809375810337823,7.857982286895438,0
94,B,Y,38.05673458033074,92.79032989065286,1.3336763989642186,11.249595950011871,1
95,C,Z,63.29581014039307,101.58940388497388,1.126373721017183,9.160173569078752,1
96,A,X,36.88481730397629,103.5979265643508,-1.3088316212964852,10.515245826584472,0
97,C,Z,44.48198918269463,114.146536941215,0.3433076520466549,17.33304424267429,0
98,A,Y,50.88232923418581,119.93203582461832,-0.1145034808045353,13.426392525971044,1
99,C,Y,69.99770115054734,94.78283923252852,-1.9609755147183512,15.38935971957908,0
100,B,Z,55.88681513093957,76.1002053945727,0.909673245445908,10.124171285597138,0
101,A,Y,35.530055368335944,101.63129404428828,1.432948120449406,8.361564806121164,1
102,A,X,44.4108403170092,91.5415143250683,0.3990064897122735,12.182636169709223,0
103,A,X,20.87247261655896,97.903830041588,-0.6383574619823663,9.81912919150964,1
104,A,Y,71.76236489579793,123.33305523885969,-0.9625107982690684,11.632831024208391,0
105,B,Y,24.984208802396463,54.02963884055649,0.7499868829279179,6.475883863776627,1
106,A,Y,39.94394506364679,119.77951317484444,-0.7819603595081946,11.349448672247656,0
107,C,Z,47.13507308254188,117.72137508616478,1.3172880403303648,12.134361628725202,1
108,B,X,25.27093743426281,127.20886648429511,0.8957634527603269,3.9964755243354846,0
109,B,Y,20.668328979904807,98.30986937060514,0.2490328469447915,11.23049202392586,0
110,B,Y,50.8835430785168,110.84058710652867,0.5084762789823952,9.257228428697855,1
111,A,Z,31.792819494956326,101.67938034652818,0.2040835201617777,8.879214752778994,0
112,A,X,50.018179109245736,110.98728883291102,-0.2829413083120879,14.612771233565454,0
113,A,X,57.12013613093215,78.07846880170959,1.2666482643043786,10.439386564996946,0
114,A,Y,43.47962897764734,85.35824470291469,-1.0452928752313777,8.992250789373777,1
115,B,Y,53.60095530231364,113.84809295926578,0.475595401874859,7.067077188909678,0
116,A,Z,43.06495735447328,139.71655468865734,-1.1881375303625084,10.848544593059984,0
117,C,X,51.15600165581331,50.41418581820428,-0.8556756685224598,8.063875248636842,0
118,C,Z,37.574406071495424,92.04776088303328,2.1469432200808343,8.157127792604907,0
119,C,Y,37.76569824028017,116.84081638226768,1.0669567848132642,13.327019331183866,0
120,C,X,39.85733145547852,78.27645541668954,1.698180421604452,12.44577298555258,1
121,C,X,33.647329608761495,70.33440797614186,0.0806458655928822,9.828520496096044,0
122,B,X,54.78201503513056,119.38949517106596,-0.0037320819647237,11.655853662020226,1
123,A,Z,50.32555294260428,111.79349354621844,0.222152337145512,15.178767181775273,1
124,C,Y,42.17064445552492,105.18600274671697,-0.7794496831638361,11.793424324570625,0
125,B,Y,45.87620499191786,99.96567370572106,0.169133442581238,7.949614175670287,0
126,C,Y,35.82339458288176,121.22873970971888,0.8107087270304738,3.72715178457915,0
127,A,X,66.15846430750685,94.13701419266904,0.3998468691439871,6.970669670531218,0
128,A,Y,55.49675816722595,71.8519949201123,0.0101663578667723,12.857951144192288,1
129,C,Y,28.6295778859165,98.8542579092936,0.5616958941344915,11.318991839431812,0
130,A,Z,43.4281422318588,91.13637160390022,-1.1575920633053534,12.215459669938664,0
131,C,Z,55.15407772477143,71.89113532304208,-1.5011945342913862,15.565565612149983,1
132,B,Y,50.54965690789653,91.316989330873,0.9209835775919452,9.48883205959098,0
133,B,Y,48.92888531646338,124.65669124851983,-0.5521390412951098,11.175924709579268,1
134,B,X,30.43638672853401,91.7400394535896,-0.1353166622287054,10.181449906818395,0
135,B,X,27.54863942251708,123.71639499740996,1.926359639589192,12.181772838841033,1
136,A,X,53.836043011904486,91.21494582739948,0.630241447757916,5.844645162161167,0
137,A,Z,77.28921351050984,119.11378563180494,1.5611860088030831,11.893842345702526,1
138,C,X,55.681038806027566,103.83537121217329,0.1766347300200444,7.954777895378714,1
139,B,Y,63.32397446525438,81.22574375323043,-0.3631921902933341,10.2507607082928,0
140,B,X,30.556409130568504,165.78275349939318,-0.3647413512838985,6.69198441602599,1
141,C,Y,52.69014163096842,136.86749279233211,1.5655934264326057,8.669503637074389,0
142,A,Z,62.614748052520746,76.3085704393437,0.5644744950524336,9.286513217394496,1
143,A,Y,40.41897586392312,114.0470561259694,0.8902907605556158,8.157944937198238,0
144,C,Y,55.566713003116575,108.0372484350381,-0.6835582462290806,6.754387770128888,0
145,C,Y,42.18000051189444,102.7798565595548,-0.4730463501489844,2.062093002528796,0
146,A,Z,36.713632333492605,123.84748426047514,-0.6426538538989333,6.251481889833099,0
147,A,Z,17.927707818078957,130.68263374859157,-0.4331649792755112,10.298479164361424,1
148,A,Z,66.07525206323885,115.1773875914692,-0.3848925922349541,11.240392975963244,0
149,A,Y,95.08915917389818,68.01116701818734,1.3135970592788715,8.568871704400449,0
150,B,X,66.09404782309468,96.6859260771838,2.2470440105894816,10.945155208814798,0
151,B,X,63.67593418907784,95.09402489020349,0.4327186377878976,8.08733236512766,1
152,B,Y,43.15325528504067,94.13567663957674,-0.8499594368521848,4.563828389122286,0
153,A,Z,37.45971309650611,109.60051967823142,0.2789608767544603,14.1883368082289,1
154,B,Y,31.094857444534345,112.44296736912568,0.5395333734979484,4.849649342195917,1
155,C,X,64.83136830027938,100.58556376661927,-0.3397957984583701,8.8883381070444,0
156,C,X,42.41760652663108,109.13368143906652,1.4019524200292357,11.3338789425685,0
157,A,X,31.491113268722017,143.10791586789998,0.2948328478701445,10.286729628987434,1
158,B,X,53.988627090211445,119.73957500638552,0.3041060927662367,9.957985804985352,1
159,B,Y,62.83438901657236,93.5427156982548,-0.99832767473565,6.370260512013802,0
160,B,Z,57.27491886525736,101.28345813548032,-0.5692892506377261,11.715754308496178,1
161,C,X,75.18647639097898,131.75120751322044,-0.5767054132242228,9.048084816115548,0
162,B,X,79.84689748967506,67.15877774848903,0.6302261368004807,9.7523969522397,0
163,A,Y,55.19489227592014,94.0264986013184,-0.1907860452243957,3.590206217488517,1
164,C,Y,47.83355038959783,112.25979289306008,-0.118363492554016,10.515565903737352,1
165,C,Y,58.12880432341834,133.2157822504372,-0.4094846498569544,5.635553855670007,1
166,C,X,50.22493308242992,152.73001905308303,-0.5166738496792828,9.308969929472436,1
167,A,Y,85.53737784504256,77.0153340798646,0.3943683824851171,8.929296633525457,1
168,B,X,36.07935144549972,103.74798316374611,0.3818532704030046,8.33717237266714,1
169,B,X,46.95918770687173,117.30335816045846,1.531851852899969,6.6888475622175685,1
170,C,Y,51.48148403913677,56.39381306832957,0.7101538038805264,8.855310192648199,0
171,B,X,48.46833380813281,92.90421379932282,0.0417615704359341,8.621782055686007,1
172,C,Z,39.91110163096695,106.3327984944496,0.5696101802772304,16.093113771269557,1
173,A,Z,32.86047027076517,79.92315253769308,-0.3852703863041146,12.46438733981436,0
174,A,X,34.698182471023664,98.96620835154988,1.4448014974705408,8.962642162133946,1
175,B,Y,62.42415121330675,93.74490939031335,-0.5813048504287477,10.197608762381003,1
176,B,Z,60.95787570630176,89.9401631878917,-0.522362454597382,3.4982144371751867,0
177,C,Y,49.93973726025138,94.61095116430477,-0.757624861897173,5.454594692234237,0
178,C,Z,46.4957214227293,114.99253445923772,-0.1594611433132262,6.734868245057735,0
179,A,Y,72.7086480260048,125.35671503154713,-1.4420177536787078,12.550336802802374,1
180,C,X,41.19437815633873,183.83017031642447,0.0265624183452141,7.553172277174514,1
181,B,X,51.24759781604057,127.69845627041154,-0.0121440305232512,12.162857453816768,1
182,B,Z,67.82735737734053,101.79970867541324,-0.3359512497832542,11.692447750042447,0
183,A,Z,41.5397757964001,127.04185463929032,1.1208919539595867,6.132687077913235,0
184,C,X,51.69798347211279,73.76779566226367,0.7235025059071611,8.307760336197875,1
185,B,Z,57.8805912161672,94.11653300174216,0.4384004137263965,9.239418109702887,1
186,B,Z,32.67415166608958,97.411229977694,-0.1235353106672396,15.392258191000284,0
187,A,X,64.85840001020856,83.6526726565634,0.2276831434224355,10.177156872234272,1
188,B,Y,83.86598690236073,114.30958735849752,-0.2543387771360672,3.4849572818528483,1
189,A,X,36.62384513998524,96.16233501243596,0.4469385772502027,12.255564910677348,1
190,C,Y,27.171352592011456,109.40209074522772,-0.2150303701699885,9.625567411754664,0
191,A,Z,35.31478911042585,94.14443572961842,0.043838977890095,10.291465786488002,1
192,A,Z,71.76724443392196,93.54646611430276,-1.3288808564841774,11.32409411162346,0
193,B,Z,53.20961825440227,55.02221664614283,1.0281501403211424,14.499583004041565,0
194,B,Z,34.870533187228475,76.13409493174272,-0.1287204663008127,12.861813202225386,0
195,A,X,32.29140422622427,114.30758959550155,0.1166355478218829,12.990294080950047,0
196,A,Y,45.86959654463021,88.11362317150777,-0.2798400501978992,7.637442833230214,0
197,B,X,41.13077002780849,95.56531620480928,-0.7144684738991646,10.431541679253668,1
198,A,Z,59.34379426899327,76.71599752585408,-1.1313302279758997,6.155001866804686,1
199,A,Z,48.10820358246304,137.2494111483117,-0.7350443345166185,5.555554017772245,0
200,C,Y,39.00655968145049,85.65785035820001,2.334130680084806,12.42500926716609,0
201,A,Y,74.36000359272633,61.480843155153046,1.6864032312891128,16.501362742676587,0
202,C,Z,25.674742728143183,116.15899802002362,0.2762290490554727,8.305298293076836,0
203,A,Y,38.052164253693775,68.23871146881957,0.2899735785432766,14.795164882077524,0
204,C,Z,52.85703899055141,127.17005098950526,-1.6621260721300777,11.37759500596292,1
205,C,Z,38.9665499055843,106.93644071248396,1.272857185508819,14.731613467065866,0
206,C,X,70.13313366538443,92.4993212597697,0.3715287090908247,7.535569882218432,1
207,A,X,41.59193255314084,102.87780521392132,-0.6624902966238588,7.5471029756476575,1
208,B,Z,29.55803499346848,113.3509736780532,1.3033236141681486,11.498813384701643,0
209,B,Z,79.21711317570121,139.04294347011017,0.232049522028494,8.124593426519708,1
210,B,X,46.90326472539876,97.1669981793291,1.737776252736781,6.926752087988936,0
211,A,X,60.97708543265745,105.57802889002951,0.3172148045934098,10.407009211971564,0
212,A,Z,63.670990778683816,73.17078122729708,-0.9026181694201868,12.08137780457287,0
213,A,Z,61.35774616556449,47.035211408789166,1.067481975714097,10.980293766562822,0
214,C,Z,43.32767132062818,128.16315083678265,0.1193702750351394,13.470314966392731,0
215,C,Y,42.47295799370978,110.24459571919652,-1.992826726843456,14.879064725879086,0
216,B,X,52.818106707225866,86.11771353375521,-0.1838952102137363,12.952858032314698,1
217,B,X,34.43657045255736,140.34089848174705,-0.1794552042457432,8.575470802493477,0
218,C,X,19.27157143196103,128.8206870278675,1.0505882783579086,9.02764677312028,0
219,C,X,70.01564589019065,81.63208460836137,2.423800922815114,19.779396443360145,0
220,C,Y,47.403486786631575,83.5169535020069,-0.4352736514606226,11.958998827025544,0
221,C,Z,73.0995740181809,133.785488948864,0.5308304688108016,8.185818625745796,0
222,B,X,49.794495000655175,74.19901459538107,-0.2798875292923147,7.977804854964726,0
223,B,X,60.7931531499395,109.77440615346266,1.2520117860399842,7.845391270329373,0
224,B,X,52.75393216713599,132.45486233808083,-0.6875878905651052,10.755153506607488,0
225,A,Z,42.19177838635499,102.81285980532378,0.5536784546997602,4.898445418890273,1
226,A,Y,30.270847216602466,96.09263845028144,1.4063456365900011,11.240702971861468,0
227,A,Y,36.85765438885791,105.80467549336672,0.0071519065888392,8.332814020607533,1
228,A,X,47.45069423764918,143.47695610542664,-1.880118829066754,11.327054937366828,0
229,C,Z,61.48084594097308,79.39274121287215,-0.6876832687775939,8.874876449173208,0
230,B,X,51.22415916782403,85.82489362876824,-0.4994147053691096,10.288158997969614,1
231,B,Z,87.66122592536767,88.17284031219167,-0.0307700551325619,10.535184990156855,0
232,C,X,35.0229336048191,73.47235620994735,0.7728654272287552,8.617772165923252,1
233,A,X,42.42718290372732,86.79284776713169,0.5795477615666735,10.922665420965052,1
234,C,Z,47.57048215696888,94.210422594645,1.6820707793851963,15.470312934515078,0
235,A,X,48.42788034073481,57.860986439339165,-0.5297199896457393,11.697883573312648,0
236,A,Y,51.392204287459535,110.92519009448392,-0.0789063270078448,11.576421059096212,0
237,A,X,23.650865267412257,104.37843603964072,-1.1072268234892522,13.238744594714785,1
238,A,Z,49.82199349792155,39.7427262448667,-1.3121765083529742,13.371005498385802,1
239,B,Z,50.05560156008553,82.02928962843586,-1.2051508817244927,13.455137543993173,0
240,B,X,56.39089003233688,139.35320495075942,1.6772789326700517,12.304540164046095,0
241,B,Z,34.36356831714296,104.09353868324978,-0.5891093972835565,12.19217497899406,1
242,A,Y,35.353871454907406,74.94971903190066,0.6068000158111145,6.637987059729859,0
243,C,X,60.07594627003292,111.22099669615766,-1.422646163634461,12.407235081963044,1
244,C,Z,64.68096276527899,114.26415255100466,-0.6899443529963454,11.941290542076914,1
245,B,Y,23.27826807600464,75.58964145270618,0.5453831543895604,6.746140125253637,0
246,B,Z,42.46684408514359,125.23988114731053,-1.4303525710454084,7.761425524825993,1
247,C,Z,41.59957560365179,79.00986975125551,0.5676056000580914,14.883663248063032,0
248,B,Z,53.7112529011619,94.40266886588545,-0.6775969430476556,11.380690945960286,1
249,A,Z,36.93727281804052,102.125490042949,-0.6445197286255291,12.350507741206568,1
250,A,Y,34.30736134140787,85.98515428484843,0.5196705748461131,6.799799765549128,1
251,A,Z,40.88041144797801,78.75870806646044,0.0869096548521788,5.918084168450734,1
252,A,Z,20.724451399160724,42.23798057919051,0.6669660161731372,12.030433343934805,0
253,B,X,25.89750448207215,104.05976110846818,1.558202823375498,8.65801954167923,1
254,C,Z,48.084170830118055,61.73552220461478,-0.4381223821843734,11.973373427629792,1
255,C,Y,44.16267255074021,76.56078955666123,-1.7252823697542208,7.751988824518778,1
256,B,X,55.6259686407554,75.34232845944604,-0.342236623630233,13.76718718703262,1
257,B,Z,33.00076336469745,101.75434161484644,1.1338630568246164,10.140946019997656,1
258,A,Y,30.44235839107478,90.69413791631118,0.1058747661618432,13.754245620196738,1
259,A,Y,36.47837595464912,72.57902858279178,-0.6618034746609307,14.473973601466458,1
260,A,Y,43.54402811684886,89.08672499437684,-0.5489666469131165,9.287837986756402,0
261,C,X,38.33625980760974,85.81923335824568,-0.4261376515553544,11.537349696458053,0
262,C,Y,25.414561751933004,81.0960443938731,0.6401038938231032,9.48774083480498,1
263,A,X,66.64719976600864,72.18971654796525,0.967815972147011,11.230233937745824,1
264,C,Y,75.96837881152938,102.66149669016042,-2.0171979688141284,11.454056618384357,1
265,C,X,57.36753526474411,142.079237737447,0.2767800366313166,12.45789187591815,1
266,A,X,32.96965319037525,86.45783187531691,-1.4173735519493542,5.899431641538531,1
267,A,Z,39.90717574150624,129.4384100262626,0.1082248014273129,10.192911956321373,1
268,B,Y,64.44444175078226,122.71017798985584,1.3791425939796025,12.085630398371388,1
269,B,X,42.01327283065601,84.60912807436547,0.3120591967944539,11.234699166307385,1
270,C,X,49.37942075047469,133.72738321390446,-0.1282502009935299,17.98598709260491,0
271,B,X,37.45381586571299,98.74097193857423,-1.390863712550696,10.183169634011668,0
272,C,Z,33.64717697799858,83.33123711277207,-1.0940734217994126,6.260329226731603,0
273,C,X,48.15011551303825,132.69425528315713,-2.0711021443021336,8.695808304989802,1
274,B,Y,59.34861541108658,83.97584887939503,1.0794521738516705,9.067519655589654,0
275,A,X,37.77555807504756,95.1388612227057,-2.773934484378572,17.432080954833353,0
276,B,Y,54.573846249130334,121.8979995372964,-0.2691175389655127,7.145678819628219,0
277,A,X,36.17546567215401,86.57989785008647,0.7427192863180898,14.8298375622675,1
278,A,X,46.56304935722829,108.0786898349604,-0.0785666243471043,11.32750383441061,0
279,A,Z,64.57851578595641,121.5123037533094,-1.154354956595674,7.03362023856106,0
280,C,Y,42.84026647146865,113.57478246599064,-1.408080249411355,8.904795044150088,0
281,C,Y,69.61384487713758,119.33207305452116,1.5221905439068673,13.454453517808798,1
282,C,Y,44.32147135326835,112.29874094537708,-1.1709095370152214,11.455812512160591,1
283,C,Y,46.9910861916072,117.25982392447254,-0.9270062381646412,9.948655988400908,0
284,B,X,55.83442976733323,103.34245015408636,0.5016275812980675,7.185773379793478,1
285,B,Z,43.11148822044214,91.60856317995724,-1.262841012434088,10.17471316945191,1
286,A,Z,52.32727023886201,78.8671670806645,-0.3217948244401865,6.933498761696219,0
287,B,Z,50.35289216993644,109.63236517675864,1.513163858781603,9.134902145738485,0
288,C,Y,45.73638388102687,126.55046102086314,1.5999044146707149,10.831576196127536,0
289,B,Z,42.9552695296962,114.35571893246198,0.7022759420695277,16.776530251683546,1
290,B,Z,60.4499481712223,100.80958455841616,0.8027398177039077,12.447750628370912,0
291,A,Z,58.1285681268334,121.89754928851065,-2.4993830111394195,6.692431773134237,1
292,B,X,89.58217050575826,73.09690435023536,1.6220509715981235,10.964641716881458,1
293,B,X,39.8863510086323,114.62696082174564,-1.4228197687016555,11.240728743317984,1
294,A,Z,28.208085456125097,106.54191216087536,0.002298394214209,9.195167441816103,1
295,A,Z,42.07022867305738,65.07837453872479,-0.418822906626603,12.079512309554232,0
296,B,X,56.42231720368661,98.24049826478876,-0.2683339811108136,11.634370123399751,1
297,A,Z,59.07286922650205,109.7607096074693,0.6167289212451358,10.810010334684234,1
298,C,Z,55.743557275525774,83.73523030461318,0.2685568952821681,10.021635199541684,1
299,B,Y,41.71707627392989,79.49149795464334,-0.6424878218138217,7.045841769360285,0
300,C,X,31.093351257525143,153.77487717829925,-0.2354325130101517,8.089847962737224,0
301,B,X,76.050271704765,70.59270409204319,0.357820980103599,4.412148954004725,0
302,C,Z,56.594810338435536,74.96092792696533,1.3971114256525647,5.799318754613348,1
303,A,X,52.43511005215265,118.24901601850618,-0.4318887539308749,15.18000427963084,0
304,C,Y,67.08349616249322,74.67729333873773,0.1591444508329431,12.444210072740914,0
305,C,X,47.24546019012618,68.1173457307256,0.7795516941479563,14.53698752046458,0
306,B,X,39.366884869365975,95.7929930693825,1.181738398516157,9.784713896977802,1
307,B,X,58.630860053773816,114.992835581194,0.1612257989578888,10.668388719730563,0
308,A,Y,61.54467452111278,143.77874643261688,0.2281536741934037,16.544904656624134,1
309,A,X,73.7605215241991,132.62960862784874,-0.7570482423860226,13.92104771741126,0
310,B,X,42.39288369546552,146.6973560571981,0.1644133876724791,9.036564029039946,0
311,B,Y,67.71766625126082,111.8752449231552,-2.403276549077187,15.369955433857848,0
312,A,X,49.92518680730516,34.63525906982481,-0.9878063095907188,11.906272068975351,0
313,A,Z,41.53461289838613,133.6889819284513,-1.0214702837939125,12.63535694997574,0
314,A,Y,43.16747253932227,101.72421189954976,0.9630223518156636,12.598574134361424,0
315,C,Z,52.878469870327486,121.16306625020036,-0.6280879992234354,13.012098002408989,1
316,A,Z,31.514911389440392,125.4562788167257,0.494522854469047,12.025324292040589,0
317,C,Y,17.335297363304832,109.94910423034128,-0.3362185173105677,10.001643125534311,0
318,C,Z,47.62311769420581,88.82811162235132,-0.9480259227061008,12.371252587068316,0
319,A,Z,76.1280613196152,93.87359090368923,1.4263177387583292,8.188738225620572,1
320,C,Y,41.172598146847065,119.64558157691086,-0.2675626854735407,14.885637882988494,0
321,A,Y,35.55028124855545,83.93569890063046,-0.9223814816726686,10.320928133926218,1
322,A,Z,53.02494846686934,84.02214760223882,0.2223346182695482,13.489271710979615,1
323,B,X,45.74411461044996,99.7900620812389,-1.0040239998632048,12.718664888917091,1
324,B,Z,56.72762460130713,109.63474086030396,0.2466278866125792,7.454034458548583,0
325,A,Z,61.92908386664527,87.88121226757848,-1.3164800160184624,14.734612252300773,1
326,C,Y,52.83687890573181,101.31107035483696,0.1170605784743763,9.98394024654764,0
327,B,Y,49.36321504198572,74.08176829170516,-0.6406814652822389,9.052230146694376,1
328,A,X,47.392673367144006,77.19936800777919,-0.7813083322480037,10.09623817170554,0
329,C,Y,38.18171872805306,74.20919743132438,1.8009882801833137,9.02981044383831,1
330,C,X,49.22218663627093,99.60767483804638,2.3073535851806177,11.186533355382425,0
331,C,Z,70.41485452805355,100.61042450415282,0.4793130709905156,5.026515740119229,1
332,C,Y,74.83558332844812,111.75251166447396,2.706474329361424,7.305294378680411,0
333,C,Y,39.459651897696425,105.6707304196553,-1.1656923808725606,9.390011458860346,1
334,C,Y,25.408654365353183,85.97122874980926,-1.0283898223128127,15.71797515595078,1
335,B,Z,33.77675078166347,103.35399529138569,-0.4314761200047359,7.270519313888736,1
336,B,Z,53.70352746156767,79.25434873288918,0.5712743641753913,11.3861694590112,0
337,A,Y,9.400899193725875,84.86673243659342,0.2961337034624784,4.541100723616607,1
338,C,X,68.3379060543155,110.22665360818458,-1.237399904542361,6.016668791550602,0
339,B,X,40.18529704747613,90.23939599108856,-0.0535253212234217,14.604389986760182,1
340,B,X,55.893067610392194,63.518201815253406,0.8656454307554654,11.072326051806115,1
341,C,Y,59.28617321002321,49.48805787793732,-0.862409403735441,6.908486863586937,0
342,C,X,29.842364103269677,90.69450528166315,0.2922253839064325,12.99997717369175,0
343,B,X,32.36851073141618,107.00175788247604,0.0147844166463157,14.516898044024218,1
344,B,X,51.327108136866,104.43247940795013,-0.0342631557019045,12.700651504302154,0
345,C,Z,64.2501913522596,160.42861896838596,0.1264836880119182,6.732022422151607,0
346,C,Y,55.14862589522859,89.84585609538527,-1.366731303781509,10.912327414985084,0
347,A,Y,55.97697824214104,148.18519768693216,-0.3741339852815331,13.110825568434247,0
348,B,Z,60.09533587233182,115.68472802254668,0.734437017119941,11.571851791195488,1
349,B,X,16.08017253696275,111.29325406632928,0.068083813430465,13.772599789224817,1
350,C,Z,41.8571844763991,59.24414228228356,-0.8232364020214731,12.667983359833377,1
351,C,Z,51.2522100741528,113.39881438358844,-0.4217256117557488,11.199242889342573,0
352,A,Y,82.24344933318966,93.89844030911016,0.182878640050795,9.670199568636768,1
353,B,Z,67.11597388092758,129.7094668700088,-0.3244138486059907,8.671305606393695,0
354,C,Z,48.03437521134021,155.332545639655,1.1418131870028714,9.014349858759465,0
355,A,Y,28.398369841567668,69.17840183536575,-0.5833616047069723,9.772744969481773,0
356,C,X,69.17954060099888,99.68133146214284,-0.2920734570549125,8.672471036745069,1
357,C,Z,64.07200840472218,74.15202721102072,-0.2871097992133453,3.585503476423325,1
358,C,Y,51.9094993998739,87.65924764401096,0.7407080292865285,12.640896965975635,0
359,B,Y,32.80570552587937,85.81683246684935,-1.9992188350413376,11.823246080162628,0
360,A,X,65.25128001353774,133.79303146903146,2.086193234584557,10.750999978743025,0
361,C,Z,40.16597679365494,121.25466121888778,-0.5028979245648503,7.237177172504244,1
362,B,Z,52.46392434264566,124.51334603009632,-0.3147905558373605,12.30807098283719,0
363,C,X,69.5802338034006,82.45060110656466,1.4901666585376574,2.303528187793435,0
364,B,Z,47.79851004727445,70.2386754391279,-2.38183405831032,6.915688333723573,1
365,C,X,15.030317503898388,109.06657301426186,-0.1551990671414818,9.747902789876232,1
366,A,Z,24.37610257681025,84.80681048994205,-0.5882402053636081,13.716359612601249,1
367,A,Y,43.27209350353598,73.73712841951689,-0.8711472203002175,5.769774355192151,1
368,B,Y,41.646361079088976,90.51467973507089,1.0410417740576745,8.681274486529196,0
369,A,X,55.43356329620524,137.53344473425284,0.9752099931193692,12.05829829426336,0
370,C,X,40.29831368418092,121.53397959089564,-1.3577656944844267,11.115413654704,0
371,A,X,40.19152005962729,130.16523288826522,0.0312558375899893,14.080697581516176,0
372,A,Z,53.67005889272533,92.96587802937056,1.204818017886931,11.763638497743935,0
373,C,Y,57.0519131924316,130.83796010560587,0.1961618266340016,8.032683280633682,1
374,C,Z,56.759580393174446,95.7980193137132,0.8486912826770474,10.624369274500085,1
375,A,X,42.77521041086866,120.114362925118,0.5719625692977075,11.985556009024206,1
376,B,X,38.17911797240419,38.84807603662762,0.2511424756311317,2.7114302172220066,1
377,C,Y,58.88945570722974,70.91528958433089,0.8055668308300326,10.00404797313114,1
378,B,Y,31.930061452513165,107.55522913189697,0.6578524758385301,8.580102549429848,1
379,B,Z,56.20384137020254,112.55971573963448,-0.2733553417547641,6.372194233383795,1
380,B,Z,46.03642065934916,94.53837648869076,0.5698777652458044,6.713657836509529,0
381,B,Z,40.05395711031783,135.70970895522646,1.2563916184261563,5.260410504619438,0
382,B,Z,51.14784474056181,139.7352455292418,-1.9860656414316824,11.644911319202825,1
383,A,Z,45.93523606043803,117.86279935814233,1.111423909464655,17.96298607444397,0
384,A,Y,68.80201473770711,91.7935300602988,0.3830960045112823,8.983377881692608,1
385,A,Y,63.67817787639944,96.04346608647472,2.132031518010162,8.022244195384369,1
386,A,X,24.47106401243677,104.34280932496492,-2.5763483818855835,16.47977711181815,1
387,B,Y,69.11681202490718,116.5232565154403,1.854583076681435,8.54776269324871,0
388,B,X,79.19931045947939,71.76451336421255,1.859941970732763,8.952580507142422,0
389,A,Z,25.51580152941601,108.52752990699402,0.8917533832751218,13.336327107542925,0
390,B,Z,30.728702721171828,114.96134412362429,1.3249943456701103,12.534111132533232,0
391,B,X,19.735876761888797,120.62117020834108,-1.0080706188516602,13.60265718173671,1
392,B,Z,52.06947127552384,102.30553152439217,-0.4485648336049745,8.947316233953678,1
393,B,Y,64.50926913917391,94.9035335169656,0.8246294193106364,10.3918971181856,0
394,C,X,35.77793974164503,99.25771140569606,-0.1629882642690128,8.810511756585774,1
395,B,Z,56.37530250589277,119.56199771734204,0.2551168410053081,10.362451958014756,1
396,B,X,62.091711305801965,103.84994930215178,-0.1033792848761405,12.340882837036334,0
397,C,X,69.06775236895358,87.7851980060683,1.0540186455772282,5.219563823223512,0
398,C,Y,72.11485604632202,107.15125644014834,0.8973945116834539,7.031661269230527,0
399,A,X,51.89311517982916,82.5372151799427,-1.6368235907563429,11.782557272329376,1
400,B,Y,46.34535543494979,112.85382508405937,-0.1795099690179482,5.804364553010802,0
401,A,X,28.327301331913205,156.7789229324824,-0.1788429677782565,8.57837997252193,1
402,A,X,20.313131296581226,111.33404531642476,-0.2316280812593849,11.833131186975644,1
403,A,Y,50.07167913601591,91.01458132589272,1.1044649768551251,4.037468744795692,0
404,A,Y,38.37774400660441,68.85418605145088,1.265221078495266,13.8294573754218,0
405,B,Y,35.25266915138378,71.28863533075287,-0.1450661575115962,11.63873671391648,0
406,B,Y,42.57602494648663,115.60201397346324,-0.0416609567280369,10.543268525614224,0
407,A,Z,65.89884659642624,95.8040920541226,-1.5247974279295613,5.575946691318467,0
408,B,Z,43.43233927472227,68.74095073908481,0.0444353988882953,12.372685305599791,1
409,A,Y,62.48511022525842,131.7752364162748,-1.3590328087097665,12.339199051492423,0
410,C,Y,42.94149873892124,113.2726291976409,-0.4580402827805368,11.294297010505746,0
411,A,Z,37.57500003454268,97.0894513621562,0.4214433342243414,8.080097607811386,1
412,A,X,50.70849803692086,100.29732817179573,1.4391175676298071,9.895603482018394,1
413,A,Z,48.63710707977853,143.5977970191511,2.267031030920268,12.223126032372615,0
414,A,Z,46.78864495047,115.83217948324663,0.272689975191921,9.43644413731356,1
415,B,Z,43.07234870256848,96.162350479729,-0.2014390811525627,13.136435198973778,1
416,B,Z,27.992700946036056,108.56497770484646,-0.1174463410807201,9.13277720723386,0
417,B,Y,34.90542305814061,120.0017679514146,-0.978473550026852,8.999947261572707,1
418,B,X,52.64030175686862,81.64608868857306,-0.6463143483517555,8.107957692905394,1
419,C,Z,41.57277058938762,125.95926503873198,-0.9634827258373192,12.894875453971414,1
420,C,Y,68.511796837364,119.98901463427376,-0.7630827876759515,8.905158503417095,1
421,A,Z,50.55615066845772,100.95501712773589,-1.8186038398772617,8.327945181313355,0
422,A,X,21.97361529488778,130.87587648977205,-0.9271634337710934,6.040598927547382,0
423,A,Y,29.90907799794888,83.82337705697546,0.7654635531208355,6.77296087960652,1
424,A,Z,48.0532143642148,95.29054246402764,-1.3449591036900213,9.360458013074512,0
425,C,X,48.917678376446645,67.22533626147458,1.31089149374081,12.482984581446113,1
426,B,X,67.80902692021814,31.122970152134783,0.0217625921412072,8.752124551802137,1
427,B,Z,69.31100256921438,73.03582043565406,-0.9649227324165178,10.901386647454633,0
428,B,X,38.86689775226591,112.46891838051422,0.139385694223427,9.485468512521926,1
429,C,Y,61.39483224717713,104.00961451345756,-0.0563015339098934,8.732561043120903,1
430,B,Y,37.8278625389615,70.13053453901865,-0.6867690691353282,9.223586435490835,1
431,B,Z,37.16166569012416,98.69548408907066,-0.8641651382991391,8.660107826287474,1
432,A,Y,38.87357116356453,101.27191598782886,0.1037330926311033,9.7300802208754,1
433,A,Y,44.88670338192649,48.42163839676434,-0.2882045664964462,3.4509703942589187,0
434,B,Y,61.20457231924961,86.06157236207504,-0.2875850064734099,10.795402868129306,0
435,B,Y,43.9360716407305,122.5146484054484,-0.2995612834012755,15.256687652051037,0
436,A,Z,43.57820358964264,128.91356870402507,-0.0151613321244991,8.574183752771935,1
437,B,Z,44.9244067496101,93.40239667259068,0.4841929973588825,9.728223095237128,1
438,B,Y,37.80591120956764,103.57482130303032,0.6349760591880881,9.345871073064943,0
439,A,Y,45.926487910083,111.86295754470748,0.4063714928127059,7.28275025661806,0
440,A,Y,53.577997888041935,42.302656621992455,-2.0700580176887824,8.19323739266196,1
441,B,Y,62.70225824863197,102.18695365624392,-0.5016416055170317,11.612892343235655,1
442,C,Y,51.72710784356767,138.8213466233941,-0.248629478470103,9.494931602094782,0
443,A,Z,54.915146731760416,98.10978956661768,0.3806406510863557,11.637314264979176,0
444,B,Z,45.634308961291055,101.30436970943904,0.2216017728803202,14.266836238286558,1
445,C,Z,41.55916813369263,124.82410564145758,0.1582951419247732,9.604982924630836,1
446,B,Y,58.26735588831144,127.26210986385922,0.1938340288078535,7.88028483195321,0
447,A,Z,54.239182575405735,86.59372708893093,0.060700843482565,7.18504898166317,1
448,B,X,78.06789089625768,89.94857700953987,1.049776797428651,5.612360933132522,0
449,A,Z,59.243633625135885,99.4810256978412,-1.937454268072592,10.126520785352351,1
450,B,Z,61.35114903530702,78.79620008478774,0.8417505186505774,14.906085834938551,1
451,B,Z,37.15199153456021,65.83935591422198,-0.5467550079144868,11.028062017653536,1
452,B,Y,58.07979852515791,91.22587041064384,-2.071114670880177,7.129848552286808,0
453,C,Y,20.45468306770324,97.9069067269488,1.0753711937821868,6.377000908018724,1
454,C,X,53.66157351427453,110.12376703327055,-1.4326611119714308,9.118523056645897,0
455,B,Z,28.462458986396843,68.00271799472628,-0.6707282125038678,12.553568021414051,0
456,B,Z,54.48428322603133,138.8719582552108,1.976527621702183,7.836087895921245,0
457,B,Z,33.44505981566988,61.856280275091365,1.2410509344294574,10.520715499364137,1
458,C,Z,25.64821474103182,131.26876149072433,-0.7199291359808866,6.087618932240096,1
459,A,Y,33.11414238953879,81.02564726221799,-0.0759887864345138,9.05366117666685,0
460,B,Y,38.034487195414805,105.11870484545952,0.1502335922715149,8.849149670811407,1
461,A,Z,40.48689449444463,101.9469474073534,1.2115986591853851,9.779656808193833,0
462,B,Y,77.06775340983252,51.70117405121111,1.486742343109209,9.790144014359488,0
463,A,X,37.58357198804325,81.3583651344639,1.9390235801225333,13.944809355759451,0
464,A,Z,63.08070525936883,122.91320383065144,-0.2280324735286893,10.319942919698176,0
465,B,Y,66.30656419339122,128.68072354384776,0.1303866359361778,13.574671267587515,1
466,A,Z,34.23251339781556,92.14804441859512,1.2747546600188948,3.70765962623646,1
467,B,Y,68.27174142100273,89.28255673798516,-1.9811677489247357,12.109430396491398,1
468,A,X,48.85386633753927,123.23095497925196,0.4074014457084522,10.612539418747764,1
469,B,X,60.46722309014609,140.11182946733527,-0.5455386473987607,13.291798384952289,0
470,A,Y,67.8419006985318,84.73840037077537,0.1818417774792804,11.52484421249932,1
471,A,Y,36.71632189252191,121.97608141483754,-1.407301156035823,9.443027863595049,0
472,A,X,37.61975754607352,91.86709903408357,0.7376323081819443,6.408363432334183,0
473,A,Z,44.78413295052096,96.9896609632415,-1.3825979561168646,10.29435585774596,0
474,B,Z,67.62253532631186,76.51976417468966,-0.4622948278221013,9.225842156731742,1
475,C,X,18.930221501579588,78.61848470419034,0.4557677153525707,8.07377473887408,0
476,C,X,25.057891790805552,97.51238351453362,-0.3062673791374312,9.700070809549846,0
477,B,X,22.86629766214181,105.9464052271407,2.0325273063487224,6.362110242663286,1
478,B,Y,44.35243610283892,148.32346275747835,1.019375469158731,11.46978267551185,1
479,C,Y,66.79293725075229,105.96906021446576,-0.329581130072255,11.449034624616653,1
480,C,Z,61.35920623389505,104.06679316784276,0.961959806398058,11.535369223089152,1
481,A,Y,38.66072313848153,68.68728777385867,0.7689692243757924,13.431170411828436,0
482,C,Y,34.61038659509978,56.6576747676364,0.3120419098075283,12.424217274731982,1
483,A,X,31.506492246851877,108.17164565237638,0.1332259404859591,11.214611577662703,1
484,A,Y,67.37742990212232,87.81782172866697,0.9910846555315244,10.94486599951923,1
485,C,Z,66.4551687409089,141.38292183281922,1.0020085924060331,10.56443314218318,0
486,A,Z,76.10686849558414,88.24860314428878,-0.1610437570911932,11.831741052134127,0
487,B,X,72.09874722654618,74.96907556188744,-0.0563285936373056,10.260836045442431,1
488,B,Z,70.84965787976616,85.66608252363014,-0.0509354469631531,8.95026767433537,0
489,C,Z,61.24806042344177,94.5814081169958,-0.2682599030619341,12.57441945287533,0
490,B,X,43.24562933587836,91.3050507062044,-0.373263170710045,8.674843900817052,0
491,A,Z,69.2650444491543,104.49649352167754,-0.2302342009315799,10.08982303367713,1
492,B,Z,47.76207850498673,54.80478989195285,0.4685147546011426,10.15404565784572,0
493,C,X,66.31515324219775,106.92770458436205,-1.4786109812969972,10.983432409526555,1
494,B,Y,28.152325392852006,93.56211240250232,0.5306542197555274,10.669182532687886,0
495,B,Y,46.6098309848711,125.74613300455924,1.127876413185959,12.570097623996157,1
496,C,Z,44.61159693528956,100.86768267833848,1.068325975163427,8.484498298168589,0
497,A,Y,42.19678456460567,87.92743031843911,0.5610419981040967,11.911688763954524,0
498,C,Z,49.61870929632341,74.1233317061085,2.127048526806636,8.758502830536962,1
499,A,X,43.32229796756856,94.08607153768276,-1.1481294202156251,12.743901298948472,1
500,C,Z,52.6630141910562,129.09018937451845,0.187871212292354,6.487539186913953,0
501,B,X,30.7106427619348,102.66115092430972,-1.8315505259340847,11.797472111651654,1
502,C,Z,53.8641329138046,105.56195608807003,0.0848137124810894,8.872142792101645,0
503,C,Z,38.1385336794508,93.75329680517775,1.001210027393873,12.005639221197896,1
504,A,Y,53.30717836723222,92.7491560076366,-0.7726452720273224,6.9492849992906205,1
505,B,Y,43.85526764659194,80.7872013580876,-0.0583223350047824,9.803017592904286,0
506,C,X,46.92416958521568,108.29409411252162,-1.0470055849507984,10.744155625128954,0
507,C,Z,57.64409336578161,130.31455559621966,-1.0109760430932384,8.108347498199322,1
508,B,Z,41.72777881397346,96.8150063808928,0.0053748177560247,11.113372667997831,0
509,B,Y,59.04131622727285,65.16248119882371,1.3128163593009048,11.571398121496385,0
510,C,X,39.86373455824282,110.90563695719618,1.460774635976401,9.874819814954662,0
511,C,Y,59.49048219243584,110.49364771483718,-1.595013307363461,10.295056002248169,1
512,B,X,59.77028707452938,86.7812213573949,0.4635909512324142,11.727861890650567,0
513,A,X,45.68656661594999,148.54452498271036,0.4793462853270001,14.84544415085526,0
514,C,Z,57.60781365084785,97.83722039363802,0.2288735100180844,12.23382688695617,0
515,A,Y,50.09766381521901,102.74033664906864,-0.9390393466907868,5.723077166437749,1
516,A,Z,48.57707042661174,112.07445602209248,0.8218426579871502,6.766291505446611,0
517,B,Z,58.27501491619032,90.04112616459219,-1.334523635336348,17.050832643695035,0
518,A,X,50.552312155496246,57.40033196501339,-0.8417064667460057,6.418109676543157,1
519,A,Y,81.56488725844623,100.8663017851926,-2.576449484396449,16.42005893276543,1
520,C,Y,82.21598940054844,65.68197770883552,-0.2841609878941341,9.340913645495757,0
521,C,Z,51.120786569942354,79.39933881787685,-0.2750745480597351,7.02430235194525,1
522,C,X,52.35143388055919,122.81096062120912,0.4079756344699505,10.804210819831994,0
523,A,Z,53.051159900305045,86.14508651388294,0.1308887704405489,14.000172535934016,1
524,B,Z,23.706477773584783,111.80559991703043,1.8429651356148735,13.93386666517352,1
525,C,Z,53.15454048491847,95.80656313707648,1.4215687410546871,8.192305800523949,0
526,C,Y,62.256263734122,94.54891527585292,-0.8971411742567885,5.690567607138395,0
527,A,Y,46.41280721756392,76.63339559716228,0.8632306250068408,11.04412151492369,0
528,C,Z,32.392092587536794,100.24804408901772,-0.9062524672264032,12.29407635856175,1
529,B,Z,57.92615390025697,118.11260519465684,0.0001279609396372,8.85843326343169,1
530,C,Y,46.41046379815008,60.61015983583478,0.9338932396682196,7.420183367092036,0
531,A,Z,41.78163563770311,143.8482573331896,0.370750065367776,9.895778992931715,1
532,B,X,56.24273162610991,108.9277889012468,0.9332335288271758,11.457093990216876,0
533,B,Z,38.48450331060304,86.18915187485965,0.6764397411330818,14.477354547064984,1
534,C,Y,47.60790986467809,117.59468155684644,0.2572252072794327,13.67030500106972,0
535,B,X,40.72044462094256,100.28514226774293,0.5789979171016167,12.016591909730924,1
536,B,X,43.79669625363295,122.4022680596571,-0.2467811504320983,11.15710774671291,1
537,C,X,45.62934491012207,102.42913108580768,-0.0883128453395455,9.415003235624448,1
538,B,Z,48.89836986437592,132.9188379072592,-0.1950033399857738,8.825278686889025,0
539,B,Y,53.98212924584019,88.1445414087304,-0.322942346808573,5.404413858114678,0
540,B,Z,60.01073574676465,93.16070043690458,-0.125377961572877,7.330496227894187,0
541,C,X,74.57062450890837,139.62553191493248,-0.1856935601729586,9.446365743049236,0
542,A,X,36.245094202727785,104.34880985093712,0.0463217805871831,7.711152314679695,1
543,C,Z,34.4966048604887,104.356017674529,-0.5693361200628467,5.258145197144598,1
544,A,Y,48.08814983448134,82.01375547850661,-1.027684635396455,4.748945910979506,0
545,C,X,45.81965645195972,115.01125448287404,-0.3724727387055174,13.370525496066136,1
546,B,X,46.82519064278626,124.1225150469779,0.2777828546080761,12.265621423193814,0
547,B,X,48.678306508473085,90.78974041536968,-0.0540152800519419,6.214398067382827,0
548,B,X,46.97483573497292,51.43407330425975,0.9352839573315544,10.145708409055276,0
549,A,Z,51.7225039335712,100.1409608961151,0.9794665699019468,7.830413944172051,0
550,C,X,47.51279927744967,106.62910788141323,-0.4577072247937025,13.762613648349248,1
551,A,Z,35.020461028690164,140.90728127395187,0.7763069103289185,9.736401767144535,0
552,C,X,64.59107596876305,77.38812219864164,-0.1121892868195523,13.659150121247276,0
553,B,Z,75.91067810823408,94.09580268024574,0.4052997701920193,8.92663478248174,0
554,C,Z,63.54902573620041,93.67670152225892,1.207690471763966,8.595184673553838,0
555,A,Z,71.20743425425304,51.9475089166491,-1.6719708580202886,10.672378337604938,1
556,C,Z,47.84830337702552,106.343809629238,-0.6861871350424595,10.427174244878572,1
557,B,Z,47.73015834514508,92.93563707679448,0.2910413213050991,13.38567867564996,1
558,B,Z,48.48473655192059,106.17256975262244,0.2362321605223496,11.162150085330472,0
559,B,Z,55.27364906572001,76.88393626208972,-0.915772158289324,7.158270841491636,1
560,B,Z,30.80348741531937,128.7976893712018,0.1721550563738127,10.456638732429,1
561,C,Z,58.9686149239591,90.16374216088272,0.140326637706518,9.624353192853976,1
562,C,Z,40.18706513022273,111.5022097827553,-0.1023140745776618,11.599956086502925,0
563,B,Y,73.60882286552857,92.4936092742522,1.3778280126772549,10.91570600532574,1
564,B,Z,43.26696386287449,94.42490810226973,0.3697010335369997,11.05647040781073,0
565,A,X,85.71238420140205,126.63588401276049,-0.3385307227976475,6.46160877516845,1
566,A,Z,42.95052227397003,72.67791681011923,-1.2691963141854432,6.937694390017629,0
567,A,Z,45.92688817789592,127.84989584598311,-0.6864846838197918,6.706884059770402,0
568,C,Y,27.802154752253347,89.86768918503037,-0.9333919350609042,11.825501025943192,1
569,A,X,88.26506060170038,109.48658721704352,-0.4768937370480966,14.252501047803324,1
570,A,Y,38.59827229139731,126.70332538013486,0.9029720048199072,3.5415413733862118,1
571,A,Z,44.30513126098158,67.2183656111838,2.410577965478474,4.469254830961961,1
572,C,Y,47.893681379499775,98.45173592330885,0.1845851370832852,15.48332433600865,1
573,B,Y,48.46588871207922,117.5927139637963,-0.1883453423904288,5.789057521265137,0
574,C,Y,99.96006668871296,101.62859199020284,0.6318820959743617,10.931709137348545,0
575,B,X,30.11985339185521,150.0806209193407,-0.1892233172670787,8.667628618904972,1
576,B,Y,48.4533514128214,100.8113834304838,1.4144743564071796,13.466938737603234,0
577,A,Y,64.46310455454305,107.77801300039356,-0.0400831188419659,6.2122600605258205,1
578,A,Y,37.46647588392253,80.45865870629103,-0.8754232317546554,10.795532496132369,0
579,C,X,55.38768595415533,88.35683590921028,0.081978840285493,9.356271277166352,1
580,B,Y,24.498866731469818,121.6623817543345,0.6704896610096749,7.598747151653896,0
581,B,Y,57.20488403511446,115.14396268436607,0.3434032706983732,8.661537629516413,0
582,C,Y,59.79256979090232,104.66721315528132,0.7835831171492279,7.834514958116732,0
583,B,Z,57.40487542297893,110.13389607053456,-0.4161349851809383,11.14944110703901,1
584,A,Y,25.500137753010662,133.1972954261458,1.048066618955075,13.549278380511389,1
585,B,Y,53.83459621307811,113.99338559122349,-0.5198557581730142,11.14465397085744,1
586,C,Z,55.73975260150859,90.06720177342447,0.4776767361486801,12.385600196821317,0
587,B,X,52.76493348473006,106.09770519610852,0.6910003666399938,9.47403616028582,0
588,A,Z,62.14297596937675,102.90604355284258,0.5502258882199661,9.718499006407969,0
589,A,X,16.642273766217343,106.08333997512472,-0.3725488204693452,14.4044053948272,1
590,B,X,52.9546613729532,117.36797936099138,-0.0925061208061427,9.433870787672802,1
591,B,Z,60.95292336074227,61.527402217978256,-0.2002169455569737,14.001928424972116,0
592,A,X,34.360381919698355,104.33420725391235,-1.253756732602378,14.210663020730692,1
593,C,Z,53.57982467811255,123.69049291706791,1.1212141859254514,14.725858366447932,1
594,B,Z,49.465584772382506,33.15336391683887,0.4523357927960947,7.368573592072866,1
595,A,Z,42.61210159206843,124.05544115777548,0.2021327180586976,7.564472102799933,0
596,B,Y,46.53303462247832,105.60655164307045,0.157727376697755,11.973809508928673,1
597,B,X,33.10394900593307,59.07214945125203,1.0098995933449737,11.862672378579266,0
598,C,Y,57.327406489512256,111.33637786233145,-0.9204150704695656,12.558238794055123,1
599,C,Y,81.49555566047674,87.72626346394527,-0.7518927515290401,12.389210798726634,1
600,B,Z,55.10330289643878,65.68365847135881,-0.0445527842213062,9.479097615481905,0
601,C,Y,56.05239870127647,74.79436555593071,-0.2039183259786776,13.290753000317029,0
602,B,Y,71.44526791425513,105.95738102447278,1.4540430490316996,4.787060613345169,0
603,B,Y,61.09393355710767,116.86960424508533,-0.2404487631184136,11.411717142936867,0
604,B,X,55.62049547810419,158.69999742503447,1.2825007688076049,9.687509648427508,0
605,A,Y,64.91993197437104,109.09041137958005,1.4188578026499434,9.278969083253784,0
606,A,Y,47.37104468848006,83.55048284151717,1.2119661484775843,14.885651450869428,0
607,A,Z,33.17721564917204,76.34294495984656,0.6022367362729505,10.84058718712697,1
608,A,Z,68.12330797536623,140.3633147739918,-0.4519596186906223,10.993798147167348,0
609,A,X,55.03797208533204,123.46490137182656,2.2126316261126897,12.874706266419995,1
610,A,Z,40.27157975434067,103.34530737343307,1.2276717431087614,10.1441412375017,1
611,B,X,31.88627498708997,102.82112516321897,0.6151957033952317,9.733472746909293,1
612,A,Y,37.33176168587728,76.04002280699778,-1.6285684703659633,12.049834838411227,1
613,B,X,72.37225452701342,98.12884206890696,1.9483410113326225,12.38227257516328,1
614,A,Z,52.42265598569793,117.8622598093071,-0.9493547012011276,17.317995841708395,1
615,C,Z,48.84060482392611,119.1947760781453,-0.1274543613519526,7.828958689921438,0
616,B,Y,75.44834723636616,75.3790025525785,0.5530668549938459,7.612363052061393,0
617,A,X,83.35589296596794,86.4497893039368,0.6347650446263234,10.224058843423297,0
618,B,Z,48.381638030520016,104.9697546746389,-1.6779377624195464,10.315756012016497,0
619,C,Y,49.97129079249117,112.01728362527894,-1.0346554134863188,11.193028616691574,0
620,A,Z,38.38005220532926,76.68430561582059,0.9066173625988873,8.336292739496395,1
621,A,Z,67.48244555191789,116.0585513331504,1.629721638732951,7.209188200091697,0
622,C,X,51.753247316973685,77.74243608135059,0.9496021482857242,10.087367435032345,0
623,B,Z,44.259664455158656,117.02610790002802,0.1926482487020686,12.409374754070054,0
624,B,Y,46.22677665120041,127.30794037918574,1.1384676698786262,9.504910094016015,0
625,C,X,51.21283174150422,90.0068273566663,1.3102191443372364,7.052733749566022,1
626,C,Y,61.84402464829016,51.15852495960619,-0.551209951325255,8.327906502337264,1
627,C,Y,49.10940257929421,100.62231214224838,-1.4925246914045442,13.299358475541467,1
628,C,Z,60.42628002011169,105.45352867976258,-0.2749853398476726,10.86080200709882,1
629,B,Z,58.39551684640013,66.20118355553035,0.383551197926434,13.08037767631388,0
630,C,Y,54.94164597539224,112.282135595798,1.674420579869056,7.875935942646817,1
631,B,Z,20.651755679013604,112.64293702774678,-0.1922231312657358,11.204739339383844,1
632,C,Y,47.94688939165219,108.51212570629038,-1.875517195959812,8.409432763568985,1
633,C,X,46.44652986083779,51.384273348816045,-0.5581721675581053,12.090924053337494,1
634,A,Z,75.01965810238796,65.43275004523255,0.4170476121992203,9.89504684004365,0
635,C,X,28.536048808600675,71.72993177791025,-0.537580152691551,12.905178996396376,1
636,B,Y,52.66291468655453,125.30295420827134,0.1282087999980741,12.023188685703346,1
637,C,Z,38.36093653303335,105.48221036500424,0.1553584852339156,11.216224263689366,1
638,B,Z,58.93320503562389,160.57816926261802,-1.3771705630728102,10.028048841954682,1
639,C,Z,23.34056264604773,80.65494325528118,0.2732768441424152,5.862549475825366,1
640,C,Y,70.19224053994968,96.08569059870192,0.8730154216592546,12.023168293557644,0
641,C,X,57.68319304885568,50.39789239275916,1.1807132952921,3.881867873651945,1
642,B,X,54.23454434582973,79.90574468488327,-1.2969220239336472,9.513694265768372,1
643,C,Y,66.70470944042323,93.82166977823272,-0.8933840583716938,13.11855970990483,0
644,A,Y,43.55160732692569,104.3641643623559,-0.8303119492488075,8.794399374972354,0
645,C,Y,25.616027428561363,178.4918012607684,-1.0023621681067831,9.522590564980076,1
646,B,Z,56.712080928347945,84.68661538052753,-1.0832668406670969,8.751528686233028,1
647,A,Z,48.918343050790206,120.15282072947264,-0.034957467827902,5.642303238187223,0
648,C,Z,45.596774242291474,126.66665468546692,1.9102434843567988,9.097539558228544,0
649,B,Z,44.755104552862896,120.82116281596156,0.4815754983738843,6.193551855625662,0
650,A,Y,75.8477539682304,101.10307624523246,1.0836506876983203,14.691142015137144,0
651,B,Y,42.83963070845765,84.23244308239681,-0.8426588220057833,8.840705230643858,1
652,A,Y,0.3999045269535486,116.55667545790962,-0.8049819497211022,12.19659719267294,0
653,C,X,47.0838044168213,114.20531542642443,-0.8266920127754304,4.807542138579318,0
654,C,Y,58.60826775516874,97.99853534807816,1.4593268367458094,9.827684549476706,0
655,C,Y,37.26129514580344,108.41595773022462,-0.907281709902968,7.628782747164044,1
656,A,Z,24.798744618737917,91.25670535797876,0.9390025035865606,7.675752865113923,0
657,A,Z,41.9181867673196,128.84993787393364,-1.677692167976579,5.857659079814122,0
658,A,Z,41.49438923828491,69.80468165830355,0.7524343522585794,8.150470882508456,0
659,B,X,80.2245887991835,105.67445465278786,0.1204746447729932,16.6640185093501,1
660,B,X,49.83717721542405,46.74338427037868,-0.9066017480644396,8.535956162464306,1
661,C,Y,51.79000321737116,71.47058705755904,0.1636269297729317,10.328598926009908,0
662,A,Y,53.93567990580793,71.36516046194083,-0.9631178816137688,8.497288252600953,1
663,A,Y,60.61155338681985,100.04855076150196,0.2144373623476301,8.38300355511624,0
664,C,Z,53.93241218209688,64.05909077527556,0.4863261747811651,14.202791973787878,0
665,B,Z,35.279240942339484,101.81507819223484,-1.205945696116203,10.504768215721104,1
666,B,X,42.50100314314962,149.5939243847278,-1.2125457562876496,9.8417181581355,1
667,B,Y,25.399229942626363,107.40606378708904,0.8338183432404844,7.131312427880314,0
668,A,X,51.05254428867059,113.3380681410256,-1.6262539556307305,10.436413105205151,1
669,A,Z,32.83409259454133,95.47198862272892,-0.1397559189181816,14.121717188321064,0
670,B,Y,36.4665290132667,123.73283525343444,0.8704191797752673,6.186291977179743,1
671,A,Y,55.85416135177971,78.9685057571913,-1.5602336153956378,11.27255169395898,0
672,C,Y,76.49442849305206,124.09854069102748,0.7228500662964684,5.669586749529054,1
673,A,X,23.732675144176103,96.82904332741074,0.1709912657101348,11.782292846476864,1
674,A,Z,59.776417200059015,92.46864938929382,0.3741156498477755,10.262368223417631,0
675,C,X,44.99106890694607,46.58706320177115,0.2331748530873666,10.32166087543827,1
676,A,X,61.2018239075275,4.864956106133491,0.2022689705961484,9.569577320486122,1
677,A,Z,74.57715193022284,102.51536614057775,-0.2599517333161048,13.644359706997466,1
678,B,X,46.66372256627746,114.7422865586961,-1.1550297847057105,6.315366944138661,0
679,B,Z,64.53099838932897,71.60148322046436,0.7212803230869163,17.602967221833335,1
680,C,Z,48.92371385084767,82.44537162918726,0.7136485782489334,10.106083491598302,1
681,B,Y,51.897628618786925,88.96798802996119,0.9523041874025012,6.898552619430721,1
682,B,Y,62.051531154529314,70.74043722480297,-0.7780709967425616,15.79699864481865,1
683,A,Z,52.78623641607137,125.87449979426346,-1.1752247083061564,11.318883001723428,1
684,A,Z,63.72358873268412,102.77567648478431,0.2792016782409129,9.709847733358426,1
685,B,X,68.21311721825604,96.86052714484435,0.377332481429965,3.3359086663989235,1
686,B,X,37.35710998949323,132.64282820089176,-0.6630428295217293,13.311188297638676,1
687,A,X,51.701435367559576,103.37466206955423,-0.6229800313414524,8.37275403647341,1
688,C,Z,26.849359922407555,163.67700355960602,-0.4518907649407468,11.682483294227866,1
689,A,Y,68.60190239525122,91.56079001364073,-0.1778077553372386,9.97350426952057,1
690,B,Z,41.24672273360963,111.14522144170854,1.0284891677227668,12.473987814487767,1
691,A,X,86.76732670500263,117.0784939824256,-0.2190392061679554,6.763179273083793,1
692,A,X,63.69905989899067,126.02833716401994,-0.5300788786720307,5.045960323296766,0
693,A,Y,46.72566154185198,97.13323806169429,0.2922409542992934,14.504351718045992,1
694,B,Y,79.82640754033898,63.30026183249486,1.213807957092972,10.277355442359497,1
695,C,Y,70.78084640141512,57.09776283072416,1.0972029146483897,5.372485202122051,1
696,B,X,17.81288621500719,83.07996536212464,-2.252245742918201,9.33463509620775,0
697,A,Z,48.52561156975484,38.42249659767227,1.1080890050409369,16.735343583177553,1
698,C,Y,72.47629979924841,135.34917496824173,0.1575764623381663,7.398227306366174,0
699,A,X,66.72589524164374,30.68819622816544,-0.6301697450407877,14.21014508707287,0
700,C,Y,34.95656935052498,93.46470405274704,1.2176411783942804,11.017371647208032,0
701,C,Z,50.90993370895588,82.07051498326418,-0.7554944986927723,6.665599043071631,0
702,B,X,55.07112996120844,94.40324927580065,0.6641154103526196,9.873038205309191,1
703,C,Y,55.169254117626544,36.77883371197388,-0.3434385835161309,11.62237073101986,0
704,B,X,59.2871482237861,113.55382475030513,0.0783985014329031,9.537068434261942,0
705,C,X,63.92659819191607,58.32845100864768,0.7815019027459223,10.674151073924415,1
706,B,Z,58.51365491718586,86.75992287798738,-0.4771034725609835,11.642877360000346,0
707,C,X,57.0276184930863,119.71461094552517,-0.6487686627696072,13.434730230364362,1
708,C,Z,49.85455687678353,105.96295385571932,0.4093440081088631,11.001978788127706,1
709,A,Y,69.78409090314766,85.48185469685858,-1.0373076732448334,9.169584370868288,0
710,C,Y,42.99012598682459,77.7916655993521,-0.5582888978982746,9.803531927783911,0
711,B,X,37.38976924788391,134.32113945198265,0.2569232614759847,6.37543786957816,0
712,A,Z,60.75358625256143,67.38294796996989,-1.6064824601349914,5.762608407826494,0
713,B,X,60.52986557544611,57.89711145119557,0.5038114899970497,7.829825234717409,1
714,C,Y,27.962290254836446,84.94094374355053,-1.0492807017734052,9.263615625691797,1
715,B,X,50.570983695051545,50.28649911360277,1.1786882949433264,9.020341125815817,0
716,C,Y,35.63044015236632,167.81854827950292,1.8089555440034224,12.104264379269916,0
717,B,Y,61.19444079558006,163.5634488718537,0.5663089000702202,9.07947676882192,0
718,B,Y,61.63449703761937,88.29269711726364,-0.072908997901021,9.201056237277935,0
719,B,Z,59.85109656719556,78.15607252737107,-0.2892910721442117,8.942711010967152,1
720,B,Z,61.94537833874917,59.04332823124624,-0.8754816478397,6.0285940886434295,0
721,C,X,32.107636891209765,104.0731979896959,0.7894605894769834,7.109157230547722,0
722,B,Z,50.03907047715027,95.20592600318788,-0.6985661269128576,11.8699343917489,1
723,B,Z,52.56876808153884,77.34115278970224,1.267375796939463,13.436802456980551,1
724,A,Z,53.3016678929049,86.67724150950531,-0.0992622398458366,8.561184458779929,0
725,C,Z,43.71037793250602,87.27728424052911,0.0240330574612496,11.654770949331724,1
726,A,Z,54.834606672483176,75.26075904137898,0.0598237071211116,14.024218405961946,1
727,C,Z,39.8786486149355,114.18358994921265,-0.4036235806781574,8.503979978846862,0
728,C,X,62.21481672979417,77.30928114128537,0.9521692622073028,8.203847664153624,0
729,A,X,63.07842441093378,129.78978850918094,1.311821707110456,12.056286859751458,0
730,B,X,59.70456028073576,58.604133342901946,-0.0865206152164618,16.656871649296427,0
731,C,Y,66.18210727991354,48.71252753833487,0.3312798236041818,5.249060888475085,0
732,A,Y,75.93668360457261,63.66169971270501,-0.4325825256596188,9.11818650685854,0
733,B,X,34.00399873933872,45.44907521578164,-1.7697563180751013,8.52699371775039,1
734,C,X,55.21041601218315,95.39639095197796,-1.9941140140984663,4.216259002014791,0
735,B,Y,60.477564345559216,105.66726313226997,0.5176238530365739,7.574619586982008,0
736,B,Z,31.27068050797723,100.74614281830706,0.0303045867518759,8.193224675615456,1
737,C,Z,66.3471964204276,100.40586709792768,0.6481669753430683,20.121992801253143,0
738,A,Z,35.403894675993655,86.21303692890956,-0.18425503039482,12.101492867641833,1
739,A,Y,36.40949280526785,99.62760944615503,1.4513553428227022,9.059957134153215,1
740,C,Y,48.77097007483194,115.06828230621628,0.4062130278661235,6.1902376601193145,0
741,B,Z,66.60640504700932,109.05004415335056,-0.6971173900743872,10.95542683063968,0
742,C,X,39.51785644920692,116.87117628242672,-1.3822176492918548,10.680380465307575,1
743,C,Z,32.181283939317,148.4581651215797,0.0932717387207226,7.945259460509668,1
744,B,X,50.09909344460095,95.46746282007553,0.1906777943116841,13.065304485807008,1
745,A,Y,26.975313532327256,54.03042787949788,1.583219253832326,8.531106775645279,1
746,C,X,46.61324392420537,97.1632870286877,-0.3351131271813974,11.923954687720975,0
747,B,X,66.69337329855702,97.6515941611021,-0.91593406814648,7.625650666267612,1
748,C,X,70.4583364465233,90.92738427224992,-0.931967644502901,7.247150978113666,1
749,B,X,59.410871332386,108.69765608881046,1.602281203128028,8.864076135893077,1
750,A,Y,43.9104582070377,112.90830536997665,-0.7047909215054886,10.221739707292397,1
751,A,X,38.20959868985249,91.12764133898268,0.5056109734244977,7.023772760647014,0
752,A,X,44.31149059954447,133.64283070957345,-0.3975912483783749,10.17698415794588,0
753,B,Y,39.02874385818024,100.0918916127855,1.0213174354218004,5.991937481032881,0
754,C,Z,37.084632148508426,127.96574100168895,1.3429867506953428,11.4751704949817,1
755,C,Y,46.64818853697399,64.42916278134697,1.0859613789581666,9.057192825222048,0
756,A,X,46.77450579041972,122.8494310033774,-1.7663114776823017,9.411602424161764,0
757,A,Z,42.4559542725388,114.03952346125917,0.7588892114521683,9.775071460704286,0
758,B,Z,51.87570335991397,44.28651926488863,0.9030809773046352,10.643567238391755,1
759,A,Z,46.04253942029387,87.35975694892613,-0.5262290039399559,14.400252425913056,0
760,A,Y,67.20567895792259,141.42228591307097,1.7638385503553182,13.981013708281658,0
761,A,Z,37.79815396762908,134.82166799465375,-0.8427698097863916,8.50356137697447,0
762,A,Y,28.504128238437083,66.89111245869731,-1.3320637940978786,10.015938214894746,1
763,B,X,73.16182562309342,96.7976882634359,1.1247448669231157,7.196330560471379,0
764,C,Z,51.1442798930698,123.97898372239293,-0.1318541270021066,12.101723653579286,1
765,A,Y,57.41583935550887,85.01858957190154,0.2557475591769934,11.040747212137584,1
766,A,X,56.5749113538563,149.91242238729512,2.150006376454549,11.60958347286735,0
767,A,Z,67.01709922088682,69.9257270934935,-0.4790745378220939,7.851761085476365,1
768,C,Z,63.398666607160514,69.4685481424767,1.6721401325531051,11.81609768082442,1
769,B,Z,50.92265093267528,94.0093339239106,0.2981622202118691,9.79102231593852,0
770,B,X,49.77202522425218,83.46531052592442,0.3344142842533168,11.307664288814724,1
771,C,Z,40.59471126823067,73.76682411879347,-0.2182469041054908,11.755896404560252,0
772,C,Z,35.97182157686987,114.84190632660918,0.5510117786592039,12.135685428999436,1
773,C,X,55.15595065787462,94.24758606077032,2.90023565284688,11.783999562848786,1
774,A,Y,51.59876373724023,98.68472058432356,0.1346978447950371,14.110910910051068,1
775,C,Z,54.29823937262428,88.65584125532459,0.7149313011904507,11.373296972172176,1
776,C,Z,79.54363765448034,109.6771638832199,0.5622676703691571,14.877951698173293,1
777,A,Z,45.6219835314423,81.23573809046964,-0.3553782131396651,5.690651697546493,0
778,C,Z,46.24308174653663,114.20170350809626,1.0078933964915453,14.319623155046164,0
779,A,X,45.53962756523058,94.56898288290098,0.7601450450628607,8.762859703576733,1
780,C,Y,55.12509758157167,121.65917517828063,-0.5217352440300868,15.276187993857864,0
781,A,Y,40.000635795485145,59.40726415799,0.3516920777852985,10.594415453798575,1
782,C,X,25.348484708161955,117.28952067000566,0.8761331881523886,9.60363854384368,0
783,C,X,46.50758192393931,118.94458697053663,-0.1039672744997564,8.541308479011105,1
784,B,Z,58.81891868574187,60.31064545280731,2.751663745722653,13.698833168290076,0
785,B,X,54.232096749804455,91.46407318349844,-0.7172834923247071,8.70106118093365,0
786,A,Z,62.71543688037776,120.45072167944024,1.1989420212742563,9.508399129248374,1
787,A,Z,40.769410076224304,113.709831162373,1.169041139426782,10.443885494253433,1
788,B,Y,41.20747912933505,113.32305701693392,-0.911774681456502,12.454285481605105,0
789,C,X,67.43304029087163,85.61768098083833,0.7483967932748365,6.531957266759311,1
790,C,X,73.9411034067794,108.36694425350996,0.7610287332795082,13.829789156480777,1
791,C,Y,71.1107557745735,99.30907693211986,1.6609346584206282,6.072118910870136,0
792,A,Y,61.92872386117942,117.098254294084,-1.2803696841924854,3.0992351954260995,1
793,A,Y,40.16291751915112,69.80855120700816,-0.0656177548437714,7.085781758535465,0
794,B,Z,46.54732466118215,113.32580833397068,0.7588455796700045,11.44683248406782,1
795,B,Z,42.390105810680126,98.44260427410708,-0.1620110109230775,12.83075800406466,0
796,B,Z,75.45722295565054,79.58436416906305,0.1223438025165559,6.0860578679473765,1
797,C,X,64.72777717156032,67.72647476845614,0.0600969246965257,10.980951720396524,0
798,C,X,62.25144339094975,133.70891247081698,0.510905560735711,8.344277367959487,1
799,C,Y,55.54199806505479,73.26289040600048,0.6546752440721133,8.35107086915589,0
800,A,Z,63.89853719268751,75.50509295941254,0.499802974188258,12.808410412933178,0
801,B,X,53.39694149972192,104.74487292742326,1.0709073386527024,6.345223745165476,1
802,C,Y,30.568892362069604,91.97787851223704,-0.2841055224534426,8.606465383089219,1
803,A,X,30.67597272152343,68.78650574429152,0.4120831133316543,13.978548080175498,1
804,C,Y,31.704018219892543,132.98521602048572,0.071824951140632,12.428708633472024,1
805,A,Z,33.43431870879088,51.40901676290998,0.2386095120998839,13.136254100597174,0
806,B,Y,48.89415821522624,74.98989122938228,1.059986768320368,8.89222438287811,0
807,B,X,64.28079477846484,74.02609669147859,-0.3381721495928317,6.654548549744546,1
808,B,Z,55.33847751064993,73.56932890301155,-0.0308162484876333,6.527018514818904,0
809,C,Y,90.3604107181048,69.40881640727773,-1.19053362725063,5.82311995688038,1
810,B,Z,64.76398548441414,62.37817318916007,1.337255082565101,9.51110860179086,0
811,C,X,41.26526496558266,105.13417721769228,1.4533500883327302,8.280892518104121,0
812,A,Y,57.32313675073266,74.34369622100166,-0.6129442021758972,5.817945387909363,0
813,B,Z,67.54367522403074,87.39453854567054,-0.685663030168662,13.428658796682493,1
814,C,Z,61.63671275176922,114.45934558513537,-1.1179297233481151,4.117014055804758,0
815,B,Y,62.41574846286834,110.33415245289632,-0.0404371257167531,9.252495843631609,0
816,C,X,35.7418526136268,99.7914607696235,1.378924828920104,12.210605790340578,0
817,B,Z,48.205953016048994,115.76004627614932,0.1726191824002338,9.239155552338865,0
818,B,Z,60.19906751369489,94.56701361852332,-0.6166331767774482,10.772414943407226,0
819,B,Z,65.67368949473283,87.12269213912167,-0.3704932993454641,8.402199670822267,1
820,C,Z,25.674594078785837,105.1107149721676,-1.0554042411529911,13.844342936234929,1
821,C,Z,43.54859183416271,105.59044403999737,-0.0059421789213505,14.200690924424384,1
822,C,Y,42.42830540781361,128.45474804343596,-0.1844476552568129,11.901625872332003,1
823,B,X,19.187563996836165,98.45223656590083,0.174593175551892,12.494621100710956,0
824,B,X,33.20168423801796,118.33036510876028,0.1941985659927031,15.317112007938928,1
825,B,X,69.6159973427375,48.8761870187934,-1.9239461571736796,11.21980242414461,1
826,C,Z,45.831166368674985,88.80910131648301,-0.4460901091408438,13.180034968164916,0
827,B,Z,60.91773384496587,108.01628626321386,-0.0877705600959649,15.964344942664448,0
828,B,Z,46.6362714943126,62.944754551504815,-0.3294271952534102,6.643527305205087,0
829,A,Z,54.84732491474518,106.44647715479292,0.2645863960672887,8.827306162427035,0
830,C,Z,49.29114817587471,109.69657087021956,0.4450215640018645,7.730330466258801,0
831,C,X,56.50659889250767,95.90626270576276,-0.230895768428213,16.4093876741014,1
832,B,X,42.5090816778912,154.25666377367358,0.9140589047429784,11.06183463070267,1
833,B,Z,60.26923873511,76.2716766056034,-1.4679652277230777,11.168480510132955,1
834,B,Y,61.62535371318972,113.3032935575473,-0.8742758472409075,7.71376939893487,1
835,C,Z,46.06206772812266,81.08184024098802,-0.2749271218459067,9.479817274563496,1
836,B,Z,91.80415786124496,116.11954401686064,-1.615738947770921,12.348223977221442,1
837,A,X,14.608545801269145,113.6413081919906,-2.0358897504359903,10.756522687532522,1
838,B,Y,77.1851896695829,97.58419898156764,-0.5264291831425137,14.129955422752296,0
839,C,Z,37.955294361831946,78.45163894996493,-2.1593451830008483,3.98662642760131,1
840,B,X,63.97592905656806,99.30244363231228,1.648743183439572,9.994442572729437,0
841,A,Y,66.32668284609753,127.70500078729474,0.1849039781165558,8.56186662241802,1
842,B,X,54.181511604415086,117.29124512024156,-1.536742523550375,6.749051972890659,0
843,A,X,47.56457059238,88.01478970580634,-0.240873638534346,5.028922318089961,0
844,A,Y,94.83409136712302,91.2166555225796,-0.3466965560918024,6.227201071216497,0
845,C,Y,81.68739209334454,117.31290430287876,0.7181074338735444,13.730742851610344,0
846,C,X,67.13864529974887,106.5183730364374,1.6197802485866035,10.647634925099776,1
847,C,X,45.56977181956832,116.81142125043785,0.9260053913857216,5.998167892389265,1
848,A,X,46.42019989926125,136.51141570939495,-1.1895427452479137,10.512357889713927,1
849,A,Y,49.13206756197008,65.40218722097799,-0.954104547883197,5.86003842180127,1
850,C,Y,69.78042688173508,56.85949451132822,-0.2568437926030217,6.959688176879414,0
851,A,Z,26.888649839927385,77.0381071723385,-0.2137495725700372,12.970544746823109,0
852,A,Y,57.01168509519346,67.55144462063171,-0.3386504870681958,13.142537437354978,1
853,B,Y,56.10440993101027,118.5571694413948,-0.8647189936705094,11.30125032693762,0
854,B,Z,44.576210960270686,118.83544441448925,0.0912177487353594,6.799115661660985,1
855,B,Y,64.78089054972054,100.26865193527966,0.669270434706455,8.578660605287588,1
856,B,Z,58.27138437620559,97.1429023495067,-0.3855483684136203,7.2576692093781245,0
857,C,Z,37.60565872442065,69.36995782581144,0.1123969983130144,11.958275744820993,1
858,A,Y,35.65884342306012,124.01636292594672,0.0427152482370555,7.861939160806877,1
859,B,X,48.78992523738954,103.08548980021968,-0.6778989084136229,12.564072686710198,1
860,A,X,41.00851694949873,114.64711266229077,-0.2251955314561432,8.807022072485113,0
861,A,Z,24.547051987340453,91.48028479889142,1.2137922066041662,7.599548023192561,0
862,C,X,63.89960832073127,106.66747406597592,1.3148369988840047,13.566860335352237,1
863,C,Z,44.71179691949462,167.2009322861071,-0.90070767266782,9.86046706778276,1
864,C,Y,71.65160135294857,118.517880702438,-2.2126760883573198,15.33300001714198,0
865,C,X,39.82234012383138,97.71418524570932,-0.9976554954709872,11.811912000287965,0
866,A,Z,42.95150146653543,59.74156190006065,0.9716452711007572,7.592107414134214,0
867,C,Z,43.02710325870464,185.80000883694916,0.3716081138505459,12.34288860667344,0
868,B,Z,58.674012305535584,63.12556298098823,-0.1760542561075804,12.060734875724105,1
869,C,X,88.83986447708274,87.23644667501974,-1.859335286898208,6.758992844501956,1
870,C,Y,64.08310663387847,90.41193985727482,-0.8812248665856324,14.85342148085949,0
871,A,Y,62.10717831652755,120.26084780584178,0.3017391067821082,8.866605799522585,0
872,B,Y,56.88916441056946,85.14079432182434,0.760619047234971,8.531985206629445,0
873,C,Z,28.3318727537074,108.14213081038535,-1.036612588169341,14.606887079364324,0
874,C,Z,59.61840597571238,84.46048816036213,-1.0284893738071956,12.491806190197602,1
875,A,Y,51.72526935347813,114.04104032289762,1.0656368595901682,8.48405461311094,0
876,A,X,66.5845885449333,90.0221439321527,-0.2655478766733645,4.632708310271171,1
877,C,Z,43.52430233772452,77.59755391157711,-0.5499722348560439,11.675796462674452,1
878,A,Y,61.00802497385353,108.42604002429896,-0.4690653268499647,11.615020104601156,0
879,C,Z,48.214651647741285,139.54745071549445,-0.6013326968387187,8.975871182567701,0
880,A,Z,47.83321837765676,89.40963807852619,-1.3751109253689615,12.7394957085746,0
881,A,X,38.808652353772416,84.33473746810748,-0.6076384629001168,10.42183733373114,0
882,C,X,38.58158769391961,139.84163684312026,-0.1410398909762198,14.310235161370926,0
883,B,Y,38.343157039118246,96.71342016726445,-1.3597824425869027,15.684327050182834,0
884,A,Z,37.42989781587503,74.27435214383269,0.8747360624558076,8.542654217800212,1
885,C,Z,32.68082959834917,134.19296294064486,-0.8791134336405739,9.882590181676994,1
886,C,Z,54.1603285654999,118.99837830702376,0.101343419997813,11.906562226208983,0
887,B,Z,59.78508359787693,78.93197225054274,0.137069061470455,6.62151638258706,1
888,A,X,52.23605613717117,110.10666379821738,-1.8435588352065453,10.042965211265168,1
889,C,Z,37.77300805010471,94.65310361190792,1.680524014754528,7.891482053587901,0
890,B,Z,44.5507804403162,64.28636812799994,-1.9409257106517948,9.916523508380504,0
891,B,Y,68.61095519299006,121.3014618352626,1.2447595485101846,10.59944042543363,1
892,B,Z,58.17640297911257,94.2432404535583,0.0538695791507942,12.099802490710182,1
893,A,Y,39.48678752594576,72.90054504868587,-0.8444196629550726,9.323492075758214,1
894,A,Y,65.03698560570608,106.16017623528876,0.9183676828635788,15.19205367803528,1
895,C,Y,71.56649271067421,66.14759216729854,-0.2472412619632345,8.810865481618992,1
896,C,Y,34.65422394096906,63.24040424682475,-0.4860191811192914,15.248848656083696,0
897,B,Z,42.41671746076874,92.35737486192416,-0.5184644379368174,7.496221765951804,0
898,C,X,65.36920811593826,65.62393860696622,0.5889065530135354,9.841008925609176,0
899,A,Y,33.72849131665063,67.14346140774937,1.251424347718337,14.134639884817831,0
900,B,X,73.03926451376856,65.53564499485937,0.544984980407015,8.543924808788375,0
901,C,Z,60.99826954460314,77.22399517738754,0.8584598546749416,12.436663441384344,1
902,B,Y,23.52075304456184,110.1157147632612,-1.7354643902690912,14.057022664085247,0
903,B,Z,27.52900095031319,96.184676082521,-1.8858081393902488,11.066848103717668,0
904,A,X,52.002701450650896,105.37497455971342,-0.265525791917624,10.490969992346711,0
905,B,Z,54.34731823205664,131.95508913337926,-0.421110199260342,11.276379530129542,0
906,C,Z,50.36973693294157,74.64916318311343,-0.4152444783540095,13.999263169849709,0
907,B,Z,53.66321374793443,91.178928055885,0.2572702307406607,6.02462240975173,1
908,B,Y,48.35206864445076,138.59838061960062,1.8656374165113847,8.96875199032889,0
909,A,X,53.23102025337842,85.59455163559942,-1.4742418457045845,9.8112240080778,1
910,B,Y,54.71412644962034,154.57803352354856,0.5287611737725957,13.166968847720929,1
911,A,X,26.846322966565403,64.17737339305367,-0.5514659260609794,3.635818058330152,0
912,A,Z,32.48529977387356,103.81638828317702,-0.0122503982575818,9.400727328544852,1
913,A,X,55.138696365881614,125.89814938124417,-0.753520315788615,8.36968273658939,0
914,B,Z,41.23939300842693,103.29840194281093,-1.6678597901762544,11.429279444893872,1
915,A,Y,57.99685808499568,103.90737244061104,0.4252612788351451,7.758275433232661,1
916,C,Z,54.90648690234481,46.49059618929125,-0.2860979241334155,13.662381047545374,0
917,A,Y,48.03130044923034,61.87364712023324,0.2996087562105035,4.116139530847562,1
918,B,Z,43.15978758148248,118.7277255950436,-0.5416546882982163,2.633108627048312,0
919,B,Y,71.5289127676154,127.82083465566971,0.1914161214536977,10.65656008663226,0
920,A,Y,44.55691302165192,146.52269159719776,0.935437252223089,13.29312626002857,0
921,C,Z,57.71425032361075,105.7317425610213,0.3611764634964596,9.179891090496948,1
922,B,Z,66.92957844143723,111.1343234016836,0.1744609026441719,13.27586589000277,0
923,C,X,62.70250409112565,73.61756959278068,-0.5120777641993025,14.19502587632497,1
924,C,X,61.69884799636155,72.98668438469548,-1.4666295497475847,7.686201272446182,0
925,C,Z,33.824573250750746,105.08708839789588,0.6277611850982253,7.995393999216015,0
926,A,Z,50.17472433812797,112.11149370639718,0.4882326167171347,6.2062033342665,0
927,B,Y,34.48544000103772,108.28112873662712,1.196285314290598,9.926900045095316,1
928,B,Z,41.15353890446423,138.23201361080754,-0.0536911538932141,14.995734783923377,0
929,B,X,44.788608190011246,74.01728784697393,1.785304921177835,12.855872703689927,1
930,B,Z,70.5113704552708,106.67709197969307,0.1367541268430518,6.8703431735093385,0
931,B,Z,71.4310858914134,114.5888269980358,-0.644078829619755,11.34731601160004,0
932,C,X,42.54925998040421,80.07822826623394,1.5432301678200446,5.516383235268648,1
933,B,Z,48.55487144047011,79.32619537386596,0.9707480916193516,13.002136529246163,1
934,C,X,66.43300986170334,97.06825899373165,3.0372478646522,9.381586777517446,1
935,A,Z,48.8311457236112,117.29671944769798,-1.814103732593615,10.122292525347614,0
936,C,Y,36.34098995213789,86.2479334571765,0.616388096196567,12.900902960598488,0
937,B,Z,61.340460116983024,101.39435831834028,-0.1468319486355043,11.485138527554902,0
938,C,Z,41.19633129891884,95.2805332489266,1.2066168666382744,12.757957158728225,0
939,C,Z,57.594039815651946,83.08984095767993,0.5045872663911055,7.245451145375901,0
940,A,Y,27.780825258886107,72.08004286633293,-0.8844563883183368,11.201314148265508,0
941,A,Z,38.10725103919022,76.07670125312588,0.4863412575006326,8.466827450329287,1
942,A,X,56.71657324496283,117.14488504488511,-0.9751055930372028,9.957634543610345,0
943,A,Z,38.58541362029682,105.86556859744168,0.5340807670812413,11.813261960460762,0
944,A,Z,47.31049899116285,98.58310819063084,-0.6636827190539604,9.89111112577208,0
945,C,X,54.06808245284709,91.98155093262478,-0.4402021475610324,7.350490152370658,0
946,C,Z,46.92362390228761,139.42097565482337,-0.6577482314740725,12.066934010091192,1
947,A,Y,65.93647513602599,127.8207219955456,0.3468040773405213,11.247724112528395,0
948,B,X,52.84562005171502,139.9335780360279,2.1052718135849084,9.541328567093386,0
949,A,X,43.694916611299526,130.86262821560427,-0.0107891006849611,7.355439855147351,0
950,C,X,48.82479541934605,84.90909336853392,1.2792058057612716,7.553800789079618,0
951,A,Z,49.26996957270358,96.95248778151092,-0.7591767976110405,10.425477949353578,0
952,C,Z,50.17528933341616,88.15332125552926,-0.1614763957277887,10.63128846579335,1
953,B,Y,45.23506909167109,98.97913465275371,0.7160482180531376,8.866493477842637,0
954,B,Y,62.208649758119385,85.54434333557217,-1.2034972727466748,11.547858140039562,1
955,A,X,24.341095682291403,121.5018340034446,-1.2205925241842954,13.552606860919514,0
956,C,Z,38.82184978223359,73.11167455331028,0.1022964636083973,8.820174585139057,0
957,A,Z,42.473357323149976,79.18548964165915,0.5400550548758172,8.759069802119914,0
958,C,X,33.13897539588872,120.97771137154412,1.9441512982961004,11.09589240949066,0
959,B,Z,52.848669150598575,104.76144369249124,0.4894586659868746,10.00510534612958,0
960,A,Z,21.144211015836845,110.36527103138496,0.5356865361457597,11.530743411711384,0
961,C,X,44.300751647189855,130.7057494744082,1.942372429240527,8.002910557981254,1
962,B,Y,39.32163927352643,98.1494827003479,0.5523896298499191,10.785815620065325,1
963,B,X,48.47792446906581,126.84735748031277,-0.4573418518602234,12.61092770048997,1
964,B,X,36.43743883622607,120.46150738347916,-0.8585874857125075,11.312848847314076,1
965,A,Z,23.573242968245307,100.27993780248546,0.7159405849969634,9.902213322295076,0
966,A,X,32.70240267953325,91.00953231725816,-1.1688258867541252,8.879462687165644,1
967,C,Y,49.30858314490298,74.57133894256413,0.7508587889480449,14.970464719682315,0
968,C,Z,42.53323045758826,128.4666253980565,-0.933116993355821,7.706140132982302,0
969,A,Z,71.7511262649065,54.98983963527929,-0.5269610579175872,9.919851812404826,0
970,C,X,32.72411245316388,131.7656962275401,-0.2194732410547672,7.404712444884447,1
971,B,Z,66.93338650721392,120.29601833502817,2.4120595940846683,13.628226697685951,0
972,B,X,50.95808063478314,91.84221811290163,0.4523950998891569,13.864050871701089,0
973,A,X,64.77636524804102,121.58395869806246,0.6098483135076189,11.742376889974176,0
974,C,Z,78.96498692260295,82.85181714866722,0.1573497725864469,5.19676105774128,1
975,C,Y,48.254075860113744,95.43521352865876,1.669912393231801,7.242639052452583,0
976,A,Y,47.83813114461509,99.2296539335248,-0.2956492696566252,6.968005767110301,1
977,B,Z,50.5294284114382,88.2407878750878,0.742646891075873,11.717871819432132,0
978,B,Z,50.609505050155576,119.50705871069366,1.2718150240908668,8.351394427492423,1
979,B,Y,65.01536733117554,88.09463410025951,-0.5737639833983621,9.462977603414569,0
980,C,Y,47.58067455283521,106.20840595167486,-1.1460913266645762,11.548629476872213,0
981,A,X,44.17149835995939,100.0931853454369,-0.9726272164791532,2.568451240494156,1
982,A,Z,43.07216872027941,128.22765938331187,1.4495351448876217,5.252469062715227,1
983,B,Y,55.213868183280034,101.19030651191495,0.4730746604875355,10.818138540261684,0
984,B,Y,65.10589463436135,90.94937703093588,-1.7352327807008088,9.50723962938679,1
985,B,Y,63.15600010875874,125.1381301605308,0.0279954645108509,13.491862026878934,0
986,C,Y,75.04704540399194,100.9530728955316,-1.0642262472882944,11.892629877212563,1
987,C,Z,66.28167713468926,88.21937393055167,-0.62491836175575,6.139872436973928,1
988,A,Y,56.13725624221149,118.86223071309436,-0.3959230963650106,8.395173880100625,0
989,B,Z,52.917506187467175,49.99367619608186,-0.8647354935645208,10.445748129363864,0
990,C,Z,50.54787321034605,117.35595440581169,0.7696612937002367,6.163024813274613,1
991,B,Z,46.4612095031785,93.27806123720572,-0.5028367130663194,13.124266894802954,0
992,B,Y,61.810524883396816,125.991016494278,0.3385835197394342,15.2326511612483,0
993,C,Z,41.6495374486889,92.37347960911193,0.3011925292495364,8.049480519292565,0
994,A,Y,44.36423598304113,120.43962281601526,-1.341626382665914,11.964068397544125,1
995,C,Y,52.04814761691837,106.4353773846626,-0.3690540094168205,9.683088494937175,0
996,C,Y,70.71632213668508,72.2320874911097,-1.2416826770248484,11.500283339226105,0
997,C,Y,23.5826708684068,115.2378649896712,0.0848256073399823,8.102860314004111,0
998,B,X,81.19308902899337,121.9380399287434,-1.1866845433807875,13.843531382120586,1
999,C,Y,35.44222491924053,97.76445594844712,-0.453638315873862,8.294878848225174,0
